district,name,votes,percent_votes
10001,Scott Andrews ** Liberal/Libéral,16008,44
10001,Fabian Manning Conservative/Conservateur,14749,40.5
10001,Matthew Martin Fuchs NDP-New Democratic Party/NPD-Nouveau Parti démocratique,5157,14.2
10001,Randy Wayne Dawe Independent/Indépendant,276,0.8
10001,Matt Crowder Green Party/Parti Vert,218,0.6
10002,Scott Simms ** Liberal/Libéral,17977,57.7
10002,Aaron Hynes Conservative/Conservateur,8595,27.6
10002,Clyde Bridger NDP-New Democratic Party/NPD-Nouveau Parti démocratique,4306,13.8
10002,Robyn Kenny Green Party/Parti Vert,279,0.9
10003,Gerry Byrne ** Liberal/Libéral,17119,57
10003,Trevor Taylor Conservative/Conservateur,7559,25.2
10003,Shelley Senior NDP-New Democratic Party/NPD-Nouveau Parti démocratique,4751,15.8
10003,Wayne R. Bennett Independent/Indépendant,332,1.1
10003,Robin Blair Gosse Green Party/Parti Vert,253,0.8
10004,Peter Penashue Conservative/Conservateur,4256,39.8
10004,Todd Russell ** Liberal/Libéral,4177,39.1
10004,Jacob Larkin NDP-New Democratic Party/NPD-Nouveau Parti démocratique,2120,19.8
10004,George C.R. Barrett Green Party/Parti Vert,139,1.3
10005,Judy Foote ** Liberal/Libéral,12914,49.7
10005,John Ottenheimer Conservative/Conservateur,8322,32
10005,Stella Magalios NDP-New Democratic Party/NPD-Nouveau Parti démocratique,4465,17.2
10005,Tanya Gutmanis Green Party/Parti Vert,307,1.2
10006,Jack Harris ** NDP-New Democratic Party/NPD-Nouveau Parti démocratique,31388,71.2
10006,Jerry Byrne Conservative/Conservateur,9198,20.9
10006,John Allan Liberal/Libéral,3019,6.9
10006,Robert Miller Green Party/Parti Vert,467,1.1
10007,Ryan Cleary NDP-New Democratic Party/NPD-Nouveau Parti démocratique,18681,47.9
10007,Siobhan Coady ** Liberal/Libéral,11130,28.5
10007,Loyola Sullivan Conservative/Conservateur,8883,22.8
10007,Rick Austin Green Party/Parti Vert,291,0.7
11001,Lawrence MacAulay ** Liberal/Libéral,10486,49.6
11001,Mike Currie Conservative/Conservateur,8107,38.4
11001,Lorne Cudmore NDP-New Democratic Party/NPD-Nouveau Parti démocratique,2164,10.2
11001,Leslie Stewart Green Party/Parti Vert,373,1.8
11002,Sean Casey Liberal/Libéral,7292,39.5
11002,Donna Profit Conservative/Conservateur,6040,32.7
11002,Joe Byrne NDP-New Democratic Party/NPD-Nouveau Parti démocratique,4632,25.1
11002,Eliza Knockwood Green Party/Parti Vert,417,2.3
11002,Baird Judson CHP Canada/PHC Canada,87,0.5
11003,Gail Shea ** Conservative/Conservateur,10467,54.6
11003,Guy Gallant Liberal/Libéral,5997,31.3
11003,Jacquie Robichaud NDP-New Democratic Party/NPD-Nouveau Parti démocratique,2369,12.4
11003,Carl Anthony Arnold Green Party/Parti Vert,320,1.7
11004,Wayne Easter ** Liberal/Libéral,8605,42.4
11004,Tim Ogilvie Conservative/Conservateur,7934,39.1
11004,Rita Jackson NDP-New Democratic Party/NPD-Nouveau Parti démocratique,2970,14.6
11004,Peter Bevan-Baker Green Party/Parti Vert,785,3.9
12001,Rodger Cuzner ** Liberal/Libéral,16478,46.4
12001,Derrick Clarence Kennedy Conservative/Conservateur,10873,30.6
12001,Marney Jeanne Simmons NDP-New Democratic Party/NPD-Nouveau Parti démocratique,6984,19.7
12001,Glen Carabin Green Party/Parti Vert,1141,3.2
12002,Peter G. MacKay ** Conservative/Conservateur,21593,56.8
12002,David K. Parker NDP-New Democratic Party/NPD-Nouveau Parti démocratique,9412,24.8
12002,John R. Hamilton Liberal/Libéral,5614,14.8
12002,Matthew Chisholm Green Party/Parti Vert,1406,3.7
12007,Scott Armstrong ** Conservative/Conservateur,21041,52.5
12007,Wendy Robinson NDP-New Democratic Party/NPD-Nouveau Parti démocratique,9322,23.2
12007,Jim Burrows Liberal/Libéral,7264,18.1
12007,Jason Blanch Green Party/Parti Vert,2109,5.3
12007,Jim Hnatiuk CHP Canada/PHC Canada,375,0.9
12003,Robert Chisholm NDP-New Democratic Party/NPD-Nouveau Parti démocratique,15678,36.3
12003,Mike Savage ** Liberal/Libéral,15181,35.1
12003,Wanda Webber Conservative/Conservateur,10702,24.8
12003,Paul Shreenan Green Party/Parti Vert,1662,3.8
12004,Megan Leslie ** NDP-New Democratic Party/NPD-Nouveau Parti démocratique,23746,51.6
12004,Stan Kutcher Liberal/Libéral,11793,25.6
12004,George Nikolaou Conservative/Conservateur,8276,18
12004,Michael Dewar Green Party/Parti Vert,2020,4.4
12004,Tony Seed Marxist-Leninist/Marxiste-Léniniste,152,0.3
12005,Geoff Regan ** Liberal/Libéral,16230,35.9
12005,Bruce Robert Pretty Conservative/Conservateur,13782,30.5
12005,Gregor Ash NDP-New Democratic Party/NPD-Nouveau Parti démocratique,13239,29.3
12005,Thomas Trappenberg Green Party/Parti Vert,1931,4.3
12006,Scott Brison ** Liberal/Libéral,15887,39.6
12006,David Morse Conservative/Conservateur,14714,36.6
12006,Mark Rogers NDP-New Democratic Party/NPD-Nouveau Parti démocratique,8043,20
12006,Sheila Richardson Green Party/Parti Vert,1520,3.8
12008,Peter Stoffer ** NDP-New Democratic Party/NPD-Nouveau Parti démocratique,22483,54.1
12008,Adam Mimnagh Conservative/Conservateur,12662,30.5
12008,Scott Hemming Liberal/Libéral,4673,11.2
12008,John Percy Green Party/Parti Vert,1762,4.2
12009,Gerald Keddy ** Conservative/Conservateur,17948,43.1
12009,Gordon Earle NDP-New Democratic Party/NPD-Nouveau Parti démocratique,15033,36.1
12009,Derek Wells Liberal/Libéral,7037,16.9
12009,Kris MacLellan Green Party/Parti Vert,1579,3.8
12010,Mark Eyking ** Liberal/Libéral,14788,39.9
12010,Cecil Clarke Conservative/Conservateur,14023,37.8
12010,Kathy MacLeod NDP-New Democratic Party/NPD-Nouveau Parti démocratique,7049,19
12010,Chris Milburn Green Party/Parti Vert,1191,3.2
12011,Greg Kerr ** Conservative/Conservateur,20204,47
12011,Robert Thibault Liberal/Libéral,15632,36.4
12011,George Barron NDP-New Democratic Party/NPD-Nouveau Parti démocratique,5631,13.1
12011,Ross Johnson Green Party/Parti Vert,1487,3.5
13001,Yvon Godin ** NDP-New Democratic Party/NPD-Nouveau Parti démocratique,32067,69.7
13001,Louis Robichaud Conservative/Conservateur,7456,16.2
13001,Jean Marie Gionet Liberal/Libéral,6491,14.1
13002,Dominic LeBlanc ** Liberal/Libéral,17399,39.1
13002,Evelyne Chapman Conservative/Conservateur,14811,33.3
13002,Susan Levi-Peters NDP-New Democratic Party/NPD-Nouveau Parti démocratique,10397,23.4
13002,Natalie Arsenault Green Party/Parti Vert,1913,4.3
13003,Keith Ashfield ** Conservative/Conservateur,21573,48.4
13003,Jesse Travis NDP-New Democratic Party/NPD-Nouveau Parti démocratique,10626,23.8
13003,Randy McKeen Liberal/Libéral,10336,23.2
13003,Louise Anna-Marie Comeau Green Party/Parti Vert,1790,4
13003,Adam Scott Ness Independent/Indépendant,266,0.6
13004,Rob Moore ** Conservative/Conservateur,21206,58.1
13004,Darryl Pitre NDP-New Democratic Party/NPD-Nouveau Parti démocratique,9845,27
13004,Linda Wilhelm Liberal/Libéral,3668,10.1
13004,Stephanie Coburn Green Party/Parti Vert,1757,4.8
13005,Bernard Valcourt Conservative/Conservateur,14224,40.6
13005,Jean-Claude JC D'Amours ** Liberal/Libéral,12309,35.2
13005,Widler Jules NDP-New Democratic Party/NPD-Nouveau Parti démocratique,6562,18.8
13005,Louis Bérubé Independent/Indépendant,1290,3.7
13005,Lynn Morrison Green Party/Parti Vert,612,1.7
13006,Tilly O'Neill Gordon ** Conservative/Conservateur,16112,52.4
13006,Patrick Colford NDP-New Democratic Party/NPD-Nouveau Parti démocratique,7097,23.1
13006,Keith Vickers Liberal/Libéral,6800,22.1
13006,Ronald Mazerolle Green Party/Parti Vert,735,2.4
13007,Robert Goguen Conservative/Conservateur,17408,35.7
13007,Brian Murphy ** Liberal/Libéral,15247,31.3
13007,Shawna Gagné NDP-New Democratic Party/NPD-Nouveau Parti démocratique,14053,28.8
13007,Steven Steeves Green Party/Parti Vert,2016,4.1
13008,John Williamson Conservative/Conservateur,18066,56.6
13008,Andrew Graham NDP-New Democratic Party/NPD-Nouveau Parti démocratique,7413,23.2
13008,Kelly Wilson Liberal/Libéral,4320,13.5
13008,Janice Harvey Green Party/Parti Vert,1646,5.2
13008,Jason Farris CHP Canada/PHC Canada,450,1.4
13009,Rodney Weston ** Conservative/Conservateur,18456,49.7
13009,Rob Moir NDP-New Democratic Party/NPD-Nouveau Parti démocratique,11382,30.7
13009,Stephen Chase Liberal/Libéral,5964,16.1
13009,Sharon Murphy-Flatt Green Party/Parti Vert,1017,2.7
13009,Arthur Jr. Watson Independent/Indépendant,294,0.8
13010,Mike Allen ** Conservative/Conservateur,21108,62.7
13010,Pierre Cyr NDP-New Democratic Party/NPD-Nouveau Parti démocratique,6388,19
13010,Chuck Chiasson Liberal/Libéral,5337,15.9
13010,Rish McGlynn Green Party/Parti Vert,831,2.5
24046,Romeo Saganash NDP-New Democratic Party/NPD-Nouveau Parti démocratique,13961,44.8
24046,Jean-Maurice Matte Conservative/Conservateur,7089,22.7
24046,Yvon Lévesque ** Bloc Québécois/Bloc Québécois,5615,18
24046,Léandre Gervais Liberal/Libéral,3282,10.5
24046,Johnny Kasudluak Green Party/Parti Vert,1221,3.9
24001,Christine Moore NDP-New Democratic Party/NPD-Nouveau Parti démocratique,24763,51.2
24001,Marc Lemay ** Bloc Québécois/Bloc Québécois,15258,31.6
24001,Steven Hébert Conservative/Conservateur,4777,9.9
24001,Suzie Grenon Liberal/Libéral,2859,5.9
24001,Patrick Rochon Green Party/Parti Vert,694,1.4
24002,Maria Mourani ** Bloc Québécois/Bloc Québécois,14908,31.8
24002,Chantal Reeves NDP-New Democratic Party/NPD-Nouveau Parti démocratique,14200,30.3
24002,Noushig Eloyan Liberal/Libéral,13087,27.9
24002,Constantin Kiryakidis Conservative/Conservateur,3770,8
24002,Ted Kouretas Green Party/Parti Vert,620,1.3
24002,Jean-Olivier Berthiaume Rhinoceros/Rhinocéros,299,0.6
24003,Rosane Doré Lefebvre NDP-New Democratic Party/NPD-Nouveau Parti démocratique,23098,42.1
24003,Robert Carrier ** Bloc Québécois/Bloc Québécois,12504,22.8
24003,Angelo G. Iacono Liberal/Libéral,12070,22
24003,Pierre Lefebvre Conservative/Conservateur,6157,11.2
24003,Dylan Perceval-Maxwell Green Party/Parti Vert,798,1.5
24003,Régent Millette Independent/Indépendant,245,0.4
24004,Mylène Freeman NDP-New Democratic Party/NPD-Nouveau Parti démocratique,25802,44.3
24004,Mario Laframboise ** Bloc Québécois/Bloc Québécois,16880,29
24004,Daniel Fox Liberal/Libéral,7135,12.2
24004,Yvan Patry Conservative/Conservateur,6497,11.1
24004,Stephen Matthews Green Party/Parti Vert,1506,2.6
24004,Michel Daniel Guibord Independent/Indépendant,342,0.6
24004,Christian-Simon Ferlatte Marxist-Leninist/Marxiste-Léniniste,117,0.2
24054,Louis Plamondon ** Bloc Québécois/Bloc Québécois,19046,38.3
24054,Krista Lalonde NDP-New Democratic Party/NPD-Nouveau Parti démocratique,17705,35.6
24054,Charles Cartier Conservative/Conservateur,6478,13
24054,Rhéal Blais Liberal/Libéral,5024,10.1
24054,Anne-Marie Tanguay Green Party/Parti Vert,1479,3
24005,Maxime Bernier ** Conservative/Conservateur,26799,50.7
24005,Serge Bergeron NDP-New Democratic Party/NPD-Nouveau Parti démocratique,15831,30
24005,Claude Morin Liberal/Libéral,5833,11
24005,Sylvio Morin Bloc Québécois/Bloc Québécois,3535,6.7
24005,Etienne Doyon Lessard Green Party/Parti Vert,852,1.6
24006,Anne Minh-Thu Quach NDP-New Democratic Party/NPD-Nouveau Parti démocratique,23998,43.8
24006,Claude DeBellefeuille ** Bloc Québécois/Bloc Québécois,18182,33.2
24006,David Couturier Conservative/Conservateur,7049,12.9
24006,François Deslandres Liberal/Libéral,4559,8.3
24006,Rémi Pelletier Green Party/Parti Vert,1003,1.8
24007,Raymond Côté NDP-New Democratic Party/NPD-Nouveau Parti démocratique,24306,46.1
24007,Sylvie Boucher ** Conservative/Conservateur,13845,26.2
24007,Michel Létourneau Bloc Québécois/Bloc Québécois,10250,19.4
24007,Lorraine Chartier Liberal/Libéral,3162,6
24007,Louise Courville Green Party/Parti Vert,950,1.8
24007,Anne-Marie Genest CHP Canada/PHC Canada,124,0.2
24007,Claude Moreau Marxist-Leninist/Marxiste-Léniniste,122,0.2
24008,Ruth Ellen Brosseau NDP-New Democratic Party/NPD-Nouveau Parti démocratique,22403,39.6
24008,Guy André ** Bloc Québécois/Bloc Québécois,16668,29.4
24008,Francine Gaudet Liberal/Libéral,8060,14.2
24008,Marie-Claude Godue Conservative/Conservateur,7904,14
24008,Léonie Matteau Green Party/Parti Vert,1196,2.1
24008,Martin Jubinville Rhinoceros/Rhinocéros,373,0.7
24009,Denis Coderre ** Liberal/Libéral,15550,40.9
24009,Julie Demers NDP-New Democratic Party/NPD-Nouveau Parti démocratique,12270,32.3
24009,Daniel Mailhot Bloc Québécois/Bloc Québécois,6105,16.1
24009,David Azoulay Conservative/Conservateur,3354,8.8
24009,Tiziana Centazzo Green Party/Parti Vert,613,1.6
24009,Geneviève Royer Marxist-Leninist/Marxiste-Léniniste,121,0.3
24010,Pierre Jacob NDP-New Democratic Party/NPD-Nouveau Parti démocratique,22407,42.6
24010,Denis Paradis Liberal/Libéral,11589,22.1
24010,Christelle Bogosta Bloc Québécois/Bloc Québécois,11173,21.3
24010,Nolan LeBlanc-Bauerle Conservative/Conservateur,6256,11.9
24010,Benoit Lambert Green Party/Parti Vert,1120,2.1
24011,Hoang Mai NDP-New Democratic Party/NPD-Nouveau Parti démocratique,25512,41
24011,Alexandra Mendès ** Liberal/Libéral,16976,27.3
24011,Marcel Lussier Bloc Québécois/Bloc Québécois,10890,17.5
24011,Maurice Brossard Conservative/Conservateur,7806,12.6
24011,Kevin Murphy Green Party/Parti Vert,900,1.4
24011,Normand Chouinard Marxist-Leninist/Marxiste-Léniniste,110,0.2
24012,Matthew Dubé NDP-New Democratic Party/NPD-Nouveau Parti démocratique,29591,42.7
24012,Yves Lessard ** Bloc Québécois/Bloc Québécois,19147,27.7
24012,Jean-François Mercier Independent/Indépendant,7843,11.3
24012,Bernard DeLorme Liberal/Libéral,6165,8.9
24012,Nathalie Ferland Drolet Conservative/Conservateur,5425,7.8
24012,Nicholas Lescarbeau Green Party/Parti Vert,1072,1.5
24013,Anne-Marie Day NDP-New Democratic Party/NPD-Nouveau Parti démocratique,24131,45
24013,Daniel Petit ** Conservative/Conservateur,16220,30.3
24013,Félix Grenier Bloc Québécois/Bloc Québécois,8732,16.3
24013,Martine Gaudreault Liberal/Libéral,3505,6.5
24013,Simon Verret Green Party/Parti Vert,832,1.6
24013,Simon Cormier CHP Canada/PHC Canada,189,0.4
24015,Sylvain Chicoine NDP-New Democratic Party/NPD-Nouveau Parti démocratique,29156,52
24015,Carole Freeman ** Bloc Québécois/Bloc Québécois,14957,26.7
24015,André Turcôt Conservative/Conservateur,5756,10.3
24015,Linda Schwey Liberal/Libéral,5069,9
24015,Clara Kwan Green Party/Parti Vert,923,1.6
24015,Linda Sullivan Marxist-Leninist/Marxiste-Léniniste,162,0.3
24016,Dany Morin NDP-New Democratic Party/NPD-Nouveau Parti démocratique,19430,38.1
24016,Robert Bouchard ** Bloc Québécois/Bloc Québécois,14675,28.8
24016,Carol Néron Conservative/Conservateur,12881,25.3
24016,Marc Pettersen Liberal/Libéral,2852,5.6
24016,Charles-Olivier Bolduc-Tremblay Green Party/Parti Vert,780,1.5
24016,Marielle Couture Rhinoceros/Rhinocéros,340,0.7
24017,Jean Rousseau NDP-New Democratic Party/NPD-Nouveau Parti démocratique,24097,47.6
24017,France Bonsant ** Bloc Québécois/Bloc Québécois,13179,26
24017,William Hogg Liberal/Libéral,6132,12.1
24017,Sandrine Gressard Bélanger Conservative/Conservateur,5982,11.8
24017,Gary Caldwell Green Party/Parti Vert,1241,2.5
24018,François Choquette NDP-New Democratic Party/NPD-Nouveau Parti démocratique,24489,51.6
24018,Roger Pomerleau ** Bloc Québécois/Bloc Québécois,10410,22
24018,Normand W. Bernier Conservative/Conservateur,7555,15.9
24018,Pierre Côté Liberal/Libéral,3979,8.4
24018,Robin Fortin Green Party/Parti Vert,987,2.1
24019,Philip Toone NDP-New Democratic Party/NPD-Nouveau Parti démocratique,12427,33.8
24019,Daniel Côté Bloc Québécois/Bloc Québécois,11650,31.6
24019,Régent Bastien Conservative/Conservateur,6292,17.1
24019,Jules Duguay Liberal/Libéral,5533,15
24019,Julien Leblanc Green Party/Parti Vert,913,2.5
24020,Françoise Boivin NDP-New Democratic Party/NPD-Nouveau Parti démocratique,35262,61.8
24020,Richard Nadeau ** Bloc Québécois/Bloc Québécois,8619,15.1
24020,Steve MacKinnon Liberal/Libéral,7975,14
24020,Jennifer Gearey Conservative/Conservateur,4532,7.9
24020,Jonathan Meijer Green Party/Parti Vert,639,1.1
24041,Jean-François Fortin Bloc Québécois/Bloc Québécois,12633,36.1
24041,Nancy Charest Liberal/Libéral,8964,25.6
24041,Joanie Boulet NDP-New Democratic Party/NPD-Nouveau Parti démocratique,7484,21.4
24041,Allen Cormier Conservative/Conservateur,5253,15
24041,Louis Drainville Green Party/Parti Vert,707,2
24021,Marjolaine Boutin-Sweet NDP-New Democratic Party/NPD-Nouveau Parti démocratique,22314,48.2
24021,Daniel Paillé ** Bloc Québécois/Bloc Québécois,14451,31.2
24021,Gilbert Thibodeau Liberal/Libéral,5064,10.9
24021,Audrey Castonguay Conservative/Conservateur,3126,6.7
24021,Yaneisy Delgado Dihigo Green Party/Parti Vert,798,1.7
24021,Hugo Samson Veillette Rhinoceros/Rhinocéros,246,0.5
24021,Marianne Breton Fontaine Communist/Communiste,180,0.4
24021,Christine Dandenault Marxist-Leninist/Marxiste-Léniniste,143,0.3
24022,Paulina Ayala NDP-New Democratic Party/NPD-Nouveau Parti démocratique,17545,36.4
24022,Pablo Rodriguez ** Liberal/Libéral,14641,30.4
24022,Martin Laroche Bloc Québécois/Bloc Québécois,8935,18.5
24022,Gérard Labelle Conservative/Conservateur,5992,12.4
24022,Gaëtan Bérard Green Party/Parti Vert,770,1.6
24022,Valery Chevrefils-Latulippe Rhinoceros/Rhinocéros,181,0.4
24022,Jean-Paul Bédard Marxist-Leninist/Marxiste-Léniniste,170,0.4
24023,Nycole Turmel NDP-New Democratic Party/NPD-Nouveau Parti démocratique,35194,59.2
24023,Marcel Proulx ** Liberal/Libéral,12051,20.3
24023,Nancy Brassard-Fortin Conservative/Conservateur,6058,10.2
24023,Dino Lemay Bloc Québécois/Bloc Québécois,5019,8.4
24023,Roger Fleury Green Party/Parti Vert,1125,1.9
24024,Tyrone Benskin NDP-New Democratic Party/NPD-Nouveau Parti démocratique,23293,44.7
24024,Thierry St-Cyr ** Bloc Québécois/Bloc Québécois,12635,24.2
24024,Mark Bruneau Liberal/Libéral,10054,19.3
24024,Pierre Lafontaine Conservative/Conservateur,4678,9
24024,Richard Noël Green Party/Parti Vert,1377,2.6
24024,Eileen Studd Marxist-Leninist/Marxiste-Léniniste,121,0.2
24025,Francine Raynault NDP-New Democratic Party/NPD-Nouveau Parti démocratique,27050,47.3
24025,Pierre A. Paquette ** Bloc Québécois/Bloc Québécois,18804,32.9
24025,Michel Morand Conservative/Conservateur,5525,9.7
24025,François Boucher Liberal/Libéral,3545,6.2
24025,Annie Durette Green Party/Parti Vert,2227,3.9
24026,Claude Patry NDP-New Democratic Party/NPD-Nouveau Parti démocratique,22900,43.4
24026,Jean-Pierre Blackburn ** Conservative/Conservateur,18569,35.2
24026,Pierre Forest Bloc Québécois/Bloc Québécois,9554,18.1
24026,Claude Ringuette Liberal/Libéral,1043,2
24026,France Bergeron Green Party/Parti Vert,652,1.2
24027,Francis Scarpaleggia ** Liberal/Libéral,18457,34.1
24027,Alain Ackad NDP-New Democratic Party/NPD-Nouveau Parti démocratique,16253,30
24027,Larry Smith Conservative/Conservateur,15394,28.5
24027,Bruno Tremblay Green Party/Parti Vert,2315,4.3
24027,Éric Taillefer Bloc Québécois/Bloc Québécois,1689,3.1
24028,Ève Péclet NDP-New Democratic Party/NPD-Nouveau Parti démocratique,23033,48.3
24028,Ginette Beaudry Bloc Québécois/Bloc Québécois,15475,32.5
24028,Olivier L. Coulombe Liberal/Libéral,4369,9.2
24028,Mathieu Drolet Conservative/Conservateur,3664,7.7
24028,David J. Cox Green Party/Parti Vert,898,1.9
24028,Claude Brunelle Marxist-Leninist/Marxiste-Léniniste,213,0.4
24029,Hélène LeBlanc NDP-New Democratic Party/NPD-Nouveau Parti démocratique,17691,42.1
24029,Lise Zarac ** Liberal/Libéral,11172,26.6
24029,Carl Dubois Bloc Québécois/Bloc Québécois,6151,14.7
24029,Chang-Tao Jimmy Yu Conservative/Conservateur,5516,13.1
24029,Lorraine Banville Green Party/Parti Vert,946,2.3
24029,Yves Le Seigle Marxist-Leninist/Marxiste-Léniniste,288,0.7
24029,Guillaume Berger-Richard Rhinoceros/Rhinocéros,208,0.5
24030,Marc-André Morin NDP-New Democratic Party/NPD-Nouveau Parti démocratique,24800,43.8
24030,Johanne Deschamps ** Bloc Québécois/Bloc Québécois,17799,31.5
24030,Jean-Marc Lacoste Liberal/Libéral,7169,12.7
24030,Guy Joncas Conservative/Conservateur,5246,9.3
24030,François Beauchamp Green Party/Parti Vert,1423,2.5
24030,Mikaël St-Louis Marxist-Leninist/Marxiste-Léniniste,149,0.3
24031,Hélène Laverdière NDP-New Democratic Party/NPD-Nouveau Parti démocratique,23373,46.6
24031,Gilles Duceppe ** Bloc Québécois/Bloc Québécois,17991,35.9
24031,Philippe Allard Liberal/Libéral,4976,9.9
24031,Charles K. Langford Conservative/Conservateur,1764,3.5
24031,Olivier Adam Green Party/Parti Vert,1324,2.6
24031,François Yo Gourd Rhinoceros/Rhinocéros,398,0.8
24031,Sylvain Archambault Communist/Communiste,137,0.3
24031,Serge Lachapelle Marxist-Leninist/Marxiste-Léniniste,77,0.2
24031,Dimitri Mourkes Independent/Indépendant,73,0.1
24032,José Nunez-Melo NDP-New Democratic Party/NPD-Nouveau Parti démocratique,22050,43.3
24032,Nicole Demers ** Bloc Québécois/Bloc Québécois,11567,22.7
24032,Eva Nassif Liberal/Libéral,9422,18.5
24032,Robert Malo Conservative/Conservateur,6366,12.5
24032,Jocelyne Leduc Green Party/Parti Vert,1260,2.5
24032,Yvon Breton Marxist-Leninist/Marxiste-Léniniste,224,0.4
24033,François Pilon NDP-New Democratic Party/NPD-Nouveau Parti démocratique,25703,47.6
24033,Karine Joizil Liberal/Libéral,11108,20.6
24033,Zaki Ghavitian Conservative/Conservateur,8587,15.9
24033,Mohamedali Jetha Bloc Québécois/Bloc Québécois,7022,13
24033,Brent Neil Green Party/Parti Vert,966,1.8
24033,Stéphane Bakhos Pirate Party/Parti Pirate,369,0.7
24033,Polyvios Tsakanikas Marxist-Leninist/Marxiste-Léniniste,194,0.4
24034,Steven Blaney ** Conservative/Conservateur,25850,43.9
24034,Nicole Laliberté NDP-New Democratic Party/NPD-Nouveau Parti démocratique,19890,33.8
24034,Danielle-Maude Gosselin Bloc Québécois/Bloc Québécois,8757,14.9
24034,Francis Laforesterie Liberal/Libéral,3421,5.8
24034,Sacha Dougé Green Party/Parti Vert,903,1.5
24035,Pierre Nantel NDP-New Democratic Party/NPD-Nouveau Parti démocratique,27119,51.9
24035,Jean Dorion ** Bloc Québécois/Bloc Québécois,14181,27.2
24035,Kévan Falsafi Liberal/Libéral,5321,10.2
24035,Richard Bélisle Conservative/Conservateur,4339,8.3
24035,Valérie St-Amant Green Party/Parti Vert,1032,2
24035,Serge Patenaude Marxist-Leninist/Marxiste-Léniniste,228,0.4
24036,Jacques Gourde ** Conservative/Conservateur,22460,39.9
24036,Tanya Fredette NDP-New Democratic Party/NPD-Nouveau Parti démocratique,21683,38.5
24036,Gaston Gourde Bloc Québécois/Bloc Québécois,8381,14.9
24036,Nicole Larouche Liberal/Libéral,2866,5.1
24036,Richard Domm Green Party/Parti Vert,936,1.7
24037,Denis Blanchette NDP-New Democratic Party/NPD-Nouveau Parti démocratique,23373,38.7
24037,Pascal-Pierre Paillé ** Bloc Québécois/Bloc Québécois,14640,24.2
24037,Pierre Paul-Hus Conservative/Conservateur,13207,21.8
24037,Jean Beaupré Liberal/Libéral,8110,13.4
24037,Michelle Fontaine Green Party/Parti Vert,996,1.6
24037,Marie-Claude Bouffard CHP Canada/PHC Canada,143,0.2
24038,Alexandrine Latendresse NDP-New Democratic Party/NPD-Nouveau Parti démocratique,22629,39.9
24038,Josée Verner ** Conservative/Conservateur,21334,37.6
24038,France Gagné Bloc Québécois/Bloc Québécois,8148,14.4
24038,Philippe Mérel Liberal/Libéral,3612,6.4
24038,Jean Cloutier Green Party/Parti Vert,857,1.5
24038,Daniel Arseneault CHP Canada/PHC Canada,175,0.3
24039,Jonathan Genest-Jourdain NDP-New Democratic Party/NPD-Nouveau Parti démocratique,16437,48.9
24039,Gérard Asselin ** Bloc Québécois/Bloc Québécois,10495,31.2
24039,Gordon Ferguson Conservative/Conservateur,3878,11.5
24039,André Forbes Liberal/Libéral,1882,5.6
24039,Jacques Gélineau Green Party/Parti Vert,898,2.7
24040,Alain Giguère NDP-New Democratic Party/NPD-Nouveau Parti démocratique,29107,49.7
24040,Marie-France Charbonneau Bloc Québécois/Bloc Québécois,15470,26.4
24040,Eduardo Gonzalo Agurto Catalán Liberal/Libéral,7035,12
24040,Johanne Théorêt Conservative/Conservateur,5768,9.8
24040,Charles Sicotte Green Party/Parti Vert,1208,2.1
24042,Christian Paradis ** Conservative/Conservateur,21931,49.1
24042,Cheryl Voisine NDP-New Democratic Party/NPD-Nouveau Parti démocratique,11716,26.2
24042,Pierre Turcotte Bloc Québécois/Bloc Québécois,7481,16.8
24042,René Roy Liberal/Libéral,2601,5.8
24042,Wyatt Tessari Green Party/Parti Vert,655,1.5
24042,Alain Bergeron CAP/PAC,250,0.6
24043,Manon Perreault NDP-New Democratic Party/NPD-Nouveau Parti démocratique,34434,53
24043,Roger Gaudet ** Bloc Québécois/Bloc Québécois,19609,30.2
24043,Jason Fuoco Conservative/Conservateur,5118,7.9
24043,Yves Dufour Liberal/Libéral,3501,5.4
24043,Marianne Girard Green Party/Parti Vert,2347,3.6
24058,François Lapointe NDP-New Democratic Party/NPD-Nouveau Parti démocratique,17285,36.4
24058,Bernard Généreux ** Conservative/Conservateur,17276,36.3
24058,Nathalie Arsenault Bloc Québécois/Bloc Québécois,9550,20.1
24058,Andrew Caddell Liberal/Libéral,2743,5.8
24058,Lynette Tremblay Green Party/Parti Vert,691,1.5
24014,Jonathan Tremblay NDP-New Democratic Party/NPD-Nouveau Parti démocratique,17601,37.3
24014,Michel Guimond ** Bloc Québécois/Bloc Québécois,16425,34.9
24014,Michel-Eric Castonguay Conservative/Conservateur,9660,20.5
24014,Robert Gauthier Liberal/Libéral,2628,5.6
24014,François Bédard Green Party/Parti Vert,814,1.7
24044,Irwin Cotler ** Liberal/Libéral,16151,41.4
24044,Saulie Zajdel Conservative/Conservateur,13891,35.6
24044,Jeff Itcush NDP-New Democratic Party/NPD-Nouveau Parti démocratique,6963,17.9
24044,Gabriel Dumais Bloc Québécois/Bloc Québécois,1136,2.9
24044,Brian Sarwer-Foner Green Party/Parti Vert,683,1.8
24044,Diane Johnston Marxist-Leninist/Marxiste-Léniniste,109,0.3
24044,abraham Weizfeld No Affiliation/Aucune appartenance,74,0.2
24045,Isabelle Morin NDP-New Democratic Party/NPD-Nouveau Parti démocratique,17943,39.7
24045,Marlene Jennings ** Liberal/Libéral,14407,31.9
24045,Matthew Conway Conservative/Conservateur,6574,14.6
24045,Gabrielle Ladouceur-Despins Bloc Québécois/Bloc Québécois,3983,8.8
24045,Jessica Gal Green Party/Parti Vert,1914,4.2
24045,David Andrew Lovett Independent/Indépendant,207,0.5
24045,Rachel Hoffman Marxist-Leninist/Marxiste-Léniniste,131,0.3
24047,Thomas Mulcair ** NDP-New Democratic Party/NPD-Nouveau Parti démocratique,21906,56.4
24047,Martin Cauchon Liberal/Libéral,9204,23.7
24047,Rodolphe Husny Conservative/Conservateur,3408,8.8
24047,Élise Daoust Bloc Québécois/Bloc Québécois,3199,8.2
24047,Francois Pilon Green Party/Parti Vert,838,2.2
24047,Tommy Gaudet Rhinoceros/Rhinocéros,160,0.4
24047,Johan Boyden Communist/Communiste,143,0.4
24048,Justin Trudeau ** Liberal/Libéral,16429,38.4
24048,Marcos Radhames Tejada NDP-New Democratic Party/NPD-Nouveau Parti démocratique,12102,28.3
24048,Vivian Barbot Bloc Québécois/Bloc Québécois,11091,25.9
24048,Shama Chopra Conservative/Conservateur,2021,4.7
24048,Danny Polifroni Green Party/Parti Vert,806,1.9
24048,Peter Macrisopoulos Marxist-Leninist/Marxiste-Léniniste,228,0.5
24048,Joseph Young No Affiliation/Aucune appartenance,95,0.2
24049,Lysane Blanchette-Lamothe NDP-New Democratic Party/NPD-Nouveau Parti démocratique,16390,34.1
24049,Bernard Patry ** Liberal/Libéral,14632,30.5
24049,Agop Evereklian Conservative/Conservateur,12901,26.9
24049,Nicolas Jolicoeur Bloc Québécois/Bloc Québécois,2392,5
24049,Jonathan Lumer Green Party/Parti Vert,1710,3.6
24050,Mathieu Ravignat NDP-New Democratic Party/NPD-Nouveau Parti démocratique,22376,45.7
24050,Lawrence Cannon ** Conservative/Conservateur,14441,29.5
24050,Cindy Duncan McMillan Liberal/Libéral,6242,12.8
24050,Maude Tremblay Bloc Québécois/Bloc Québécois,4917,10
24050,Louis-Philippe Mayrand Green Party/Parti Vert,849,1.7
24050,Benoit Legros Marxist-Leninist/Marxiste-Léniniste,124,0.3
24051,Élaine Michaud NDP-New Democratic Party/NPD-Nouveau Parti démocratique,22387,42.7
24051,André Arthur ** Independent/Indépendant,14594,27.8
24051,Richard Côté Bloc Québécois/Bloc Québécois,10745,20.5
24051,Réjean Thériault Liberal/Libéral,3463,6.6
24051,Claudine Delorme Green Party/Parti Vert,1279,2.4
24052,Annick Papillon NDP-New Democratic Party/NPD-Nouveau Parti démocratique,22393,42.6
24052,Christiane Gagnon ** Bloc Québécois/Bloc Québécois,14684,28
24052,Pierre Morasse Conservative/Conservateur,9330,17.8
24052,François Payeur Liberal/Libéral,4735,9
24052,Yvan Dutil Green Party/Parti Vert,1144,2.2
24052,Stefan Jetchick CHP Canada/PHC Canada,228,0.4
24053,Jean-François Larose NDP-New Democratic Party/NPD-Nouveau Parti démocratique,32131,51.9
24053,Nicolas Dufour ** Bloc Québécois/Bloc Québécois,19242,31.1
24053,Chantal Perreault Liberal/Libéral,4830,7.8
24053,Christophe Royer Conservative/Conservateur,4606,7.4
24053,Michel Duchaine Green Party/Parti Vert,1078,1.7
24055,André Bellavance ** Bloc Québécois/Bloc Québécois,18033,33.8
24055,Isabelle Maguire NDP-New Democratic Party/NPD-Nouveau Parti démocratique,17316,32.5
24055,Jean-Philippe Bachand Conservative/Conservateur,13145,24.7
24055,Marie-Josée Talbot Liberal/Libéral,3711,7
24055,Tomy Bombardier Green Party/Parti Vert,1098,2.1
24056,Guy Caron NDP-New Democratic Party/NPD-Nouveau Parti démocratique,18360,43
24056,Claude Guimond ** Bloc Québécois/Bloc Québécois,13170,30.8
24056,Bertin Denis Conservative/Conservateur,6218,14.6
24056,Pierre Cadieux Liberal/Libéral,4101,9.6
24056,Clément Pelletier Green Party/Parti Vert,867,2
24057,Laurin Liu NDP-New Democratic Party/NPD-Nouveau Parti démocratique,25639,49.2
24057,Luc Desnoyers ** Bloc Québécois/Bloc Québécois,14873,28.5
24057,Denis Joannette Liberal/Libéral,5300,10.2
24057,Lucie Leblanc Conservative/Conservateur,5057,9.7
24057,Gilles Bisson Green Party/Parti Vert,1229,2.4
24059,Pierre Dionne Labelle NDP-New Democratic Party/NPD-Nouveau Parti démocratique,29603,55.3
24059,Monique Guay ** Bloc Québécois/Bloc Québécois,15105,28.2
24059,Sylvain Charron Conservative/Conservateur,4469,8.3
24059,Jonathan Juteau Liberal/Libéral,3400,6.3
24059,René Piché Green Party/Parti Vert,972,1.8
24060,Denis Lebel ** Conservative/Conservateur,18438,45.7
24060,Yvon Guay NDP-New Democratic Party/NPD-Nouveau Parti démocratique,11182,27.7
24060,Claude Pilote Bloc Québécois/Bloc Québécois,8577,21.2
24060,Bernard Garneau Liberal/Libéral,1615,4
24060,Steeve Simard Green Party/Parti Vert,553,1.4
24061,Alexandre Boulerice NDP-New Democratic Party/NPD-Nouveau Parti démocratique,27484,51
24061,Bernard Bigras ** Bloc Québécois/Bloc Québécois,17702,32.8
24061,Kettly Beauregard Liberal/Libéral,4920,9.1
24061,Sébastien Forté Conservative/Conservateur,2328,4.3
24061,Sameer Muldeen Green Party/Parti Vert,899,1.7
24061,Jean-Patrick Berthiaume Rhinoceros/Rhinocéros,417,0.8
24061,Stéphane Chénier Marxist-Leninist/Marxiste-Léniniste,140,0.3
24062,Djaouida Sellah NDP-New Democratic Party/NPD-Nouveau Parti démocratique,24361,44.6
24062,Carole Lavallée ** Bloc Québécois/Bloc Québécois,15384,28.2
24062,Michel Picard Liberal/Libéral,7423,13.6
24062,Nicole Charbonneau Barron Conservative/Conservateur,5887,10.8
24062,Germain Denoncourt Green Party/Parti Vert,1523,2.8
24063,Marie-Claude Morin NDP-New Democratic Party/NPD-Nouveau Parti démocratique,26963,52.4
24063,Ève-Mary Thaï Thi Lac ** Bloc Québécois/Bloc Québécois,12651,24.6
24063,Jean-Guy Dagenais Conservative/Conservateur,8108,15.7
24063,Denis Vallée Liberal/Libéral,2784,5.4
24063,Johany Beaudoin-Bussières Green Party/Parti Vert,994,1.9
24064,Tarik Brahmi NDP-New Democratic Party/NPD-Nouveau Parti démocratique,24943,47.5
24064,Claude Bachand ** Bloc Québécois/Bloc Québécois,16023,30.5
24064,Jean Thouin Conservative/Conservateur,5603,10.7
24064,Robert David Liberal/Libéral,4644,8.8
24064,Pierre Tremblay Green Party/Parti Vert,1326,2.5
24065,Sadia Groguhé NDP-New Democratic Party/NPD-Nouveau Parti démocratique,18705,42.6
24065,Josée Beaudin ** Bloc Québécois/Bloc Québécois,11353,25.9
24065,Roxane Stanners Liberal/Libéral,8463,19.3
24065,Qais Hamidi Conservative/Conservateur,4396,10
24065,Carmen Budilean Green Party/Parti Vert,944,2.2
24066,Stéphane Dion ** Liberal/Libéral,17726,43.4
24066,Maria Ximena Florez NDP-New Democratic Party/NPD-Nouveau Parti démocratique,11948,29.3
24066,Svetlana Litvin Conservative/Conservateur,7124,17.5
24066,William Fayad Bloc Québécois/Bloc Québécois,2981,7.3
24066,Tim Landry Green Party/Parti Vert,857,2.1
24066,Fernand Deschamps Marxist-Leninist/Marxiste-Léniniste,176,0.4
24067,Massimo Pacetti ** Liberal/Libéral,15340,42.3
24067,Roberta Peressini NDP-New Democratic Party/NPD-Nouveau Parti démocratique,11720,32.3
24067,Riccardo De Ioris Conservative/Conservateur,4991,13.8
24067,Alain Bernier Bloc Québécois/Bloc Québécois,3396,9.4
24067,Michael Di Pardo Green Party/Parti Vert,657,1.8
24067,Garnet Colly Marxist-Leninist/Marxiste-Léniniste,162,0.4
24068,Lise St-Denis NDP-New Democratic Party/NPD-Nouveau Parti démocratique,18628,39.1
24068,Jean-Yves Laforest ** Bloc Québécois/Bloc Québécois,13961,29.3
24068,Jacques Grenier Conservative/Conservateur,8447,17.7
24068,Yves Tousignant Liberal/Libéral,5670,11.9
24068,Pierre Audette Green Party/Parti Vert,972,2
24069,Réjean Genest NDP-New Democratic Party/NPD-Nouveau Parti démocratique,27575,51.1
24069,Robert Vincent ** Bloc Québécois/Bloc Québécois,12615,23.4
24069,Mélisa Leclerc Conservative/Conservateur,7908,14.7
24069,Bernard Demers Liberal/Libéral,4855,9
24069,Patrick Daoust Green Party/Parti Vert,1022,1.9
24070,Pierre-Luc Dusseault NDP-New Democratic Party/NPD-Nouveau Parti démocratique,22415,43.1
24070,Serge Cardin ** Bloc Québécois/Bloc Québécois,18665,35.9
24070,Éric Deslauriers Liberal/Libéral,5020,9.7
24070,Pierre Harvey Conservative/Conservateur,4784,9.2
24070,Jacques Laberge Green Party/Parti Vert,894,1.7
24070,Crédible Berlingot Landry Rhinoceros/Rhinocéros,233,0.4
24071,Charmaine Borg NDP-New Democratic Party/NPD-Nouveau Parti démocratique,28260,49.3
24071,Diane Bourgeois ** Bloc Québécois/Bloc Québécois,17663,30.8
24071,Jean-Philippe Payment Conservative/Conservateur,5236,9.1
24071,Robert Frégeau Liberal/Libéral,4893,8.5
24071,Michel Paulette Green Party/Parti Vert,1219,2.1
24072,Robert Aubin NDP-New Democratic Party/NPD-Nouveau Parti démocratique,26981,53.6
24072,Paule Brunelle ** Bloc Québécois/Bloc Québécois,11987,23.8
24072,Pierre Lacroix Conservative/Conservateur,6205,12.3
24072,Patrice Mangin Liberal/Libéral,3617,7.2
24072,Louis Lacroix Green Party/Parti Vert,972,1.9
24072,Marc-André Fortin Independent/Indépendant,346,0.7
24072,Francis Arsenault Rhinoceros/Rhinocéros,256,0.5
24073,Jamie Nicholls NDP-New Democratic Party/NPD-Nouveau Parti démocratique,30177,43.6
24073,Meili Faille ** Bloc Québécois/Bloc Québécois,17781,25.7
24073,Marc Boudreau Conservative/Conservateur,11360,16.4
24073,Lyne Pelchat Liberal/Libéral,8023,11.6
24073,Jean-Yves Massenet Green Party/Parti Vert,1864,2.7
24074,Sana Hassainia NDP-New Democratic Party/NPD-Nouveau Parti démocratique,24514,43.3
24074,Luc Malo ** Bloc Québécois/Bloc Québécois,20593,36.4
24074,Pier-Luc Therrien-Péloquin Liberal/Libéral,5352,9.5
24074,Rodrigo Alfaro Conservative/Conservateur,4884,8.6
24074,Thomas Lapierre Green Party/Parti Vert,1259,2.2
24075,Marc Garneau ** Liberal/Libéral,15346,37.2
24075,Joanne Corbeil NDP-New Democratic Party/NPD-Nouveau Parti démocratique,14704,35.6
24075,Neil Drabkin Conservative/Conservateur,7218,17.5
24075,Véronique Roy Bloc Québécois/Bloc Québécois,2278,5.5
24075,Andrew Carkner Green Party/Parti Vert,1516,3.7
24075,Victoria Haliburton Rhinoceros/Rhinocéros,140,0.3
24075,Bill Sloan Communist/Communiste,73,0.2
35001,Chris Alexander Conservative/Conservateur,24797,44.1
35001,Mark Holland ** Liberal/Libéral,21569,38.3
35001,Jim Koppens NDP-New Democratic Party/NPD-Nouveau Parti démocratique,8270,14.7
35001,Mike Harilaid Green Party/Parti Vert,1561,2.8
35001,Bob Kesic United Party/Parti Uni,71,0.1
35002,Carol Hughes ** NDP-New Democratic Party/NPD-Nouveau Parti démocratique,18747,51.7
35002,Ray Sturgeon Conservative/Conservateur,10991,30.3
35002,François Cloutier Liberal/Libéral,5374,14.8
35002,Lorraine A. Rekmans Green Party/Parti Vert,1130,3.1
35003,David Sweet ** Conservative/Conservateur,30240,51.3
35003,Dave Braden Liberal/Libéral,14594,24.7
35003,Nancy MacBain NDP-New Democratic Party/NPD-Nouveau Parti démocratique,10956,18.6
35003,Peter Michael Ormond Green Party/Parti Vert,2963,5
35003,Anthony Giles Libertarian/Libertarien,170,0.3
35003,Jamilé Ghaddar Marxist-Leninist/Marxiste-Léniniste,77,0.1
35004,Patrick Brown ** Conservative/Conservateur,32121,56.7
35004,Myrna Clark NDP-New Democratic Party/NPD-Nouveau Parti démocratique,11842,20.9
35004,Colin Wilson Liberal/Libéral,9113,16.1
35004,Erich Jacoby-Hawkins Green Party/Parti Vert,3266,5.8
35004,Darren Roskam Libertarian/Libertarien,150,0.3
35004,Christine Nugent Marxist-Leninist/Marxiste-Léniniste,82,0.1
35004,Jeff Sakula CAP/PAC,77,0.1
35005,Matthew Kellway NDP-New Democratic Party/NPD-Nouveau Parti démocratique,20265,41.6
35005,Maria Minna ** Liberal/Libéral,14967,30.8
35005,Bill Burrows Conservative/Conservateur,11067,22.7
35005,Aaron Cameron Green Party/Parti Vert,2240,4.6
35005,Roger Carter Marxist-Leninist/Marxiste-Léniniste,130,0.3
35006,Bal Gosal Conservative/Conservateur,19907,34.4
35006,Jagmeet Singh NDP-New Democratic Party/NPD-Nouveau Parti démocratique,19368,33.5
35006,Gurbax S. Malhi ** Liberal/Libéral,16402,28.4
35006,John R.A. Moulton Green Party/Parti Vert,1748,3
35006,Frank Chilelli Marxist-Leninist/Marxiste-Léniniste,371,0.6
35007,Parm Gill Conservative/Conservateur,24618,48.3
35007,Ruby Dhalla ** Liberal/Libéral,14221,27.9
35007,Manjit Grewal NDP-New Democratic Party/NPD-Nouveau Parti démocratique,10022,19.6
35007,Mark Hoffberg Green Party/Parti Vert,1926,3.8
35007,Elizabeth Rowley Communist/Communiste,219,0.4
35008,Kyle Seeback Conservative/Conservateur,28320,44.8
35008,Andrew Kania ** Liberal/Libéral,22128,35
35008,Jagtar Shergill NDP-New Democratic Party/NPD-Nouveau Parti démocratique,11225,17.7
35008,Avtaar Soor Green Party/Parti Vert,1224,1.9
35008,Theodore Koum Njoh Independent/Indépendant,387,0.6
35009,Phil McColeman ** Conservative/Conservateur,28045,48.9
35009,Marc Laferriere NDP-New Democratic Party/NPD-Nouveau Parti démocratique,16351,28.5
35009,Lloyd St. Amand Liberal/Libéral,10780,18.8
35009,Nora Fueten Green Party/Parti Vert,1858,3.2
35009,Leslie Bory Independent/Indépendant,174,0.3
35009,Martin Sitko Independent/Indépendant,138,0.2
35026,Larry Miller ** Conservative/Conservateur,28744,56.3
35026,Karen Gventer NDP-New Democratic Party/NPD-Nouveau Parti démocratique,9008,17.6
35026,Kimberley Love Liberal/Libéral,8203,16.1
35026,Emma Hogbin Green Party/Parti Vert,5099,10
35010,Mike Wallace ** Conservative/Conservateur,32958,54.2
35010,Alyssa Brierley Liberal/Libéral,14154,23.3
35010,David Laird NDP-New Democratic Party/NPD-Nouveau Parti démocratique,11449,18.8
35010,Graham Reid Mayberry Green Party/Parti Vert,2151,3.5
35010,Elaine Baetz Marxist-Leninist/Marxiste-Léniniste,140,0.2
35011,Gary Goodyear ** Conservative/Conservateur,29394,53.4
35011,Susan Galvao NDP-New Democratic Party/NPD-Nouveau Parti démocratique,15238,27.7
35011,Bryan May Liberal/Libéral,8285,15.1
35011,Jacques Malette Green Party/Parti Vert,1978,3.6
35011,Manuel Couto Marxist-Leninist/Marxiste-Léniniste,153,0.3
35012,Gordon O'Connor ** Conservative/Conservateur,43723,57
35012,Karen McCrimmon Liberal/Libéral,18393,24
35012,Erin Peters NDP-New Democratic Party/NPD-Nouveau Parti démocratique,11223,14.6
35012,John Hogg Green Party/Parti Vert,3434,4.5
35013,Dave Van Kesteren ** Conservative/Conservateur,23360,53.8
35013,Ron Franko NDP-New Democratic Party/NPD-Nouveau Parti démocratique,11449,26.3
35013,Matt Daudlin Liberal/Libéral,7172,16.5
35013,Robert Hodgson Green Party/Parti Vert,1470,3.4
35015,Andrew Cash NDP-New Democratic Party/NPD-Nouveau Parti démocratique,21096,53.7
35015,Mario Silva ** Liberal/Libéral,10946,27.9
35015,Theresa Rodrigues Conservative/Conservateur,5573,14.2
35015,Wayne Scott Green Party/Parti Vert,1344,3.4
35015,Miguel Figueroa Communist/Communiste,167,0.4
35015,Simon Luisi Animal Alliance/Environment Voters/Animal Alliance/Environment Voters,128,0.3
35016,Joe Daniel Conservative/Conservateur,14422,36.8
35016,Yasmin Ratansi ** Liberal/Libéral,13552,34.6
35016,Mary Trapani Hynes NDP-New Democratic Party/NPD-Nouveau Parti démocratique,9878,25.2
35016,Akil Sadikali Green Party/Parti Vert,1114,2.8
35016,Ryan Kidd CHP Canada/PHC Canada,246,0.6
35017,John Carmichael Conservative/Conservateur,22962,42.9
35017,Rob Oliphant ** Liberal/Libéral,22351,41.8
35017,Nicole Yovanoff NDP-New Democratic Party/NPD-Nouveau Parti démocratique,6280,11.7
35017,Georgina Wilcock Green Party/Parti Vert,1703,3.2
35017,Dimitris Kabitsis Communist/Communiste,186,0.3
35018,David Tilson ** Conservative/Conservateur,28647,59
35018,Ard Van Leeuwen Green Party/Parti Vert,7132,14.7
35018,Leslie Parsons NDP-New Democratic Party/NPD-Nouveau Parti démocratique,6409,13.2
35018,Bill Prout Liberal/Libéral,6361,13.1
35014,Bev Oda ** Conservative/Conservateur,31737,54.5
35014,Tammy Schoep NDP-New Democratic Party/NPD-Nouveau Parti démocratique,12277,21.1
35014,Grant Humes Liberal/Libéral,10387,17.9
35014,Stephen Leahy Green Party/Parti Vert,3134,5.4
35014,Andrew Moriarity CHP Canada/PHC Canada,462,0.8
35014,Blaize Barnicoat Libertarian/Libertarien,187,0.3
35019,Joe Oliver Conservative/Conservateur,22652,46.8
35019,Joe Volpe ** Liberal/Libéral,18590,38.4
35019,Justin Chatwin NDP-New Democratic Party/NPD-Nouveau Parti démocratique,5613,11.6
35019,Paul William Baker Green Party/Parti Vert,1534,3.2
35020,Joe Preston ** Conservative/Conservateur,29147,57.5
35020,Fred Sinclair NDP-New Democratic Party/NPD-Nouveau Parti démocratique,12439,24.6
35020,Graham Warwick Liberal/Libéral,6812,13.4
35020,John Fisher Green Party/Parti Vert,1529,3
35020,Carl Hiemstra CHP Canada/PHC Canada,582,1.1
35020,Will Arlow CAP/PAC,140,0.3
35021,Jeff Watson ** Conservative/Conservateur,25327,48.1
35021,Taras Natyshak NDP-New Democratic Party/NPD-Nouveau Parti démocratique,18538,35.2
35021,Nelson Santos Liberal/Libéral,7465,14.2
35021,Cora Carriveau Green Party/Parti Vert,1290,2.4
35021,Enver Villamizar Marxist-Leninist/Marxiste-Léniniste,77,0.1
35022,Ted Opitz Conservative/Conservateur,21644,41.2
35022,Borys Wrzesnewskyj ** Liberal/Libéral,21618,41.2
35022,Ana Maria Rivero NDP-New Democratic Party/NPD-Nouveau Parti démocratique,7735,14.7
35022,Katarina Zoricic Green Party/Parti Vert,1377,2.6
35022,Sarah Thompson Marxist-Leninist/Marxiste-Léniniste,149,0.3
35023,Bernard Trottier Conservative/Conservateur,21997,40.3
35023,Michael Ignatieff ** Liberal/Libéral,19128,35.1
35023,Michael Erickson NDP-New Democratic Party/NPD-Nouveau Parti démocratique,11046,20.3
35023,Dave Corail Green Party/Parti Vert,2159,4
35023,Janice Murray Marxist-Leninist/Marxiste-Léniniste,190,0.3
35024,Kirsty Duncan ** Liberal/Libéral,13665,42.4
35024,Priti Lamba Conservative/Conservateur,10357,32.1
35024,Diana Andrews NDP-New Democratic Party/NPD-Nouveau Parti démocratique,7630,23.7
35024,Alex Dvornyak Libertarian/Libertarien,208,0.6
35024,Anna Di Carlo Marxist-Leninist/Marxiste-Léniniste,189,0.6
35024,John C. Gardner CHP Canada/PHC Canada,186,0.6
35025,Pierre Lemieux ** Conservative/Conservateur,28174,48.8
35025,Julie Bourgeois Liberal/Libéral,17705,30.7
35025,Denis A. Séguin NDP-New Democratic Party/NPD-Nouveau Parti démocratique,9608,16.6
35025,Sylvie Lemieux Green Party/Parti Vert,2049,3.5
35025,Jean-Serge Brisson Libertarian/Libertarien,194,0.3
35027,Frank Valeriote ** Liberal/Libéral,25588,43.4
35027,Marty Burke Conservative/Conservateur,19352,32.8
35027,Bobbi Stewart NDP-New Democratic Party/NPD-Nouveau Parti démocratique,9880,16.7
35027,John Lawson Green Party/Parti Vert,3619,6.1
35027,Philip Bender Libertarian/Libertarien,192,0.3
35027,Kornelis Klevering Radical Marijuana/Radical Marijuana,170,0.3
35027,Karen Levenson Animal Alliance/Environment Voters/Animal Alliance/Environment Voters,116,0.2
35027,Drew Garvie Communist/Communiste,104,0.2
35028,Diane Finley ** Conservative/Conservateur,25655,50.9
35028,Bob Speller Liberal/Libéral,12549,24.9
35028,Ian Nichols NDP-New Democratic Party/NPD-Nouveau Parti démocratique,10062,20
35028,Anne Faulkner Green Party/Parti Vert,1665,3.3
35028,Steven Elgersma CHP Canada/PHC Canada,435,0.9
35029,Barry Devolin ** Conservative/Conservateur,35192,60
35029,Lyn Edwards NDP-New Democratic Party/NPD-Nouveau Parti démocratique,12934,22.1
35029,Laura Redman Liberal/Libéral,7539,12.9
35029,Susanne Lauten Green Party/Parti Vert,2963,5.1
35030,Lisa Raitt ** Conservative/Conservateur,44214,54.5
35030,Connie Laurin-Bowie Liberal/Libéral,20903,25.8
35030,Pat Heroux NDP-New Democratic Party/NPD-Nouveau Parti démocratique,12960,16
35030,Judi Remigio Green Party/Parti Vert,2778,3.4
35030,Tony Rodrigues CHP Canada/PHC Canada,249,0.3
35031,David Christopherson ** NDP-New Democratic Party/NPD-Nouveau Parti démocratique,23849,57
35031,Jim Byron Conservative/Conservateur,11020,26.4
35031,Anne Tennier Liberal/Libéral,5912,14.1
35031,Michael Baldasaro Radical Marijuana/Radical Marijuana,780,1.9
35031,Lisa Nussey Marxist-Leninist/Marxiste-Léniniste,252,0.6
35032,Wayne Marston ** NDP-New Democratic Party/NPD-Nouveau Parti démocratique,21931,45.2
35032,Brad Clark Conservative/Conservateur,17567,36.2
35032,Michelle Stockwell Liberal/Libéral,6411,13.2
35032,David Hart Dyke Green Party/Parti Vert,1450,3
35032,Gord Hill PC Party/Parti PC,468,1
35032,Greg Pattinson Libertarian/Libertarien,385,0.8
35032,Bob Mann Communist/Communiste,138,0.3
35032,Wendell Fields Marxist-Leninist/Marxiste-Léniniste,95,0.2
35032,Bob Green Innes CAP/PAC,92,0.2
35033,Chris Charlton ** NDP-New Democratic Party/NPD-Nouveau Parti démocratique,25595,47.2
35033,Terry Anderson Conservative/Conservateur,17936,33.1
35033,Marie Bountrogianni Liberal/Libéral,8787,16.2
35033,Stephen Brotherston Green Party/Parti Vert,1505,2.8
35033,Jim Enos CHP Canada/PHC Canada,270,0.5
35033,Henryk Adamiec Independent/Indépendant,171,0.3
35034,Ben Lobb ** Conservative/Conservateur,29255,54.9
35034,Grant Robertson NDP-New Democratic Party/NPD-Nouveau Parti démocratique,13493,25.3
35034,Charlie Bagnato Liberal/Libéral,8784,16.5
35034,Eric Shelley Green Party/Parti Vert,1455,2.7
35034,Dennis Valenta Independent/Indépendant,254,0.5
35035,Greg Rickford ** Conservative/Conservateur,11567,47
35035,Tania Cameron NDP-New Democratic Party/NPD-Nouveau Parti démocratique,6855,27.9
35035,Roger Valley Liberal/Libéral,5381,21.9
35035,Mike Schwindt Green Party/Parti Vert,636,2.6
35035,Kelvin Chicago-Boucher Independent/Indépendant,147,0.6
35036,Ted Hsu Liberal/Libéral,23842,39.3
35036,Alicia Gordon Conservative/Conservateur,21189,34.9
35036,Daniel Beals NDP-New Democratic Party/NPD-Nouveau Parti démocratique,13065,21.5
35036,Eric Walton Green Party/Parti Vert,2561,4.2
35037,Stephen Woodworth ** Conservative/Conservateur,21119,42.4
35037,Karen Redman Liberal/Libéral,15592,31.3
35037,Peter Thurley NDP-New Democratic Party/NPD-Nouveau Parti démocratique,10742,21.6
35037,Byron Williston Green Party/Parti Vert,1972,4
35037,Alan Rimmer Independent/Indépendant,199,0.4
35037,Martin Suter Communist/Communiste,93,0.2
35037,Mark Corbiere Marxist-Leninist/Marxiste-Léniniste,92,0.2
35038,Harold Albrecht ** Conservative/Conservateur,28902,54.1
35038,Lorne Bruce NDP-New Democratic Party/NPD-Nouveau Parti démocratique,11665,21.8
35038,Bob Rosehart Liberal/Libéral,10653,19.9
35038,Albert Ashley Green Party/Parti Vert,2184,4.1
35039,Peter Braid ** Conservative/Conservateur,27039,40.9
35039,Andrew Telegdi Liberal/Libéral,24895,37.6
35039,Bill Brown NDP-New Democratic Party/NPD-Nouveau Parti démocratique,10606,16
35039,Cathy MacLellan Green Party/Parti Vert,3158,4.8
35039,Steven Bradley Scott Pirate Party/Parti Pirate,245,0.4
35039,Richard Walsh-Bowers Independent/Indépendant,174,0.3
35039,Julian Ichim Marxist-Leninist/Marxiste-Léniniste,66,0.1
35046,Bev Shipley ** Conservative/Conservateur,29546,57.7
35046,Joe Hill NDP-New Democratic Party/NPD-Nouveau Parti démocratique,12299,24
35046,Gayle Stucke Liberal/Libéral,7264,14.2
35046,Jim Johnston Green Party/Parti Vert,1701,3.3
35046,Mike Janssens CHP Canada/PHC Canada,413,0.8
35040,Scott Reid ** Conservative/Conservateur,33754,57.3
35040,Doug Smyth NDP-New Democratic Party/NPD-Nouveau Parti démocratique,12174,20.7
35040,David Remington Liberal/Libéral,9940,16.9
35040,John Baranyi Green Party/Parti Vert,2702,4.6
35040,Ralph Lee Independent/Indépendant,370,0.6
35041,Gord Brown ** Conservative/Conservateur,29991,60.8
35041,Matthew Gabriel NDP-New Democratic Party/NPD-Nouveau Parti démocratique,9033,18.3
35041,Marjory Loveys Liberal/Libéral,7839,15.9
35041,Mary Slade Green Party/Parti Vert,2460,5
35042,Irene Mathyssen ** NDP-New Democratic Party/NPD-Nouveau Parti démocratique,21689,50.9
35042,Jim Chahbar Conservative/Conservateur,14294,33.5
35042,Roger Caranci Liberal/Libéral,4893,11.5
35042,Matthew Peloza Green Party/Parti Vert,1202,2.8
35042,G.J. Rancourt CHP Canada/PHC Canada,535,1.3
35043,Susan Truppe Conservative/Conservateur,19468,37
35043,Glen Pearson ** Liberal/Libéral,17803,33.8
35043,German Gutierrez NDP-New Democratic Party/NPD-Nouveau Parti démocratique,12996,24.7
35043,Mary Ann Hodge Green Party/Parti Vert,2177,4.1
35043,AnnaMaria Valastro Animal Alliance/Environment Voters/Animal Alliance/Environment Voters,229,0.4
35044,Ed Holder ** Conservative/Conservateur,27675,44.5
35044,Doug Ferguson Liberal/Libéral,16652,26.8
35044,Peter Ferguson NDP-New Democratic Party/NPD-Nouveau Parti démocratique,16109,25.9
35044,Brad Arthur Corbett Green Party/Parti Vert,1703,2.7
35044,Rod Morley United Party/Parti Uni,65,0.1
35045,John McCallum ** Liberal/Libéral,19429,38.9
35045,Bob Saroya Conservative/Conservateur,17734,35.5
35045,Nadine Marie Hawkins NDP-New Democratic Party/NPD-Nouveau Parti démocratique,10897,21.8
35045,Adam Poon Green Party/Parti Vert,1597,3.2
35045,Allen Small Libertarian/Libertarien,231,0.5
35047,Eve Adams Conservative/Conservateur,23632,44.7
35047,Navdeep Bains ** Liberal/Libéral,18579,35.2
35047,Jim Glavan NDP-New Democratic Party/NPD-Nouveau Parti démocratique,9465,17.9
35047,Benjamin Jonathon Ullysses Stone Green Party/Parti Vert,1044,2
35047,Tim Sullivan Marxist-Leninist/Marxiste-Léniniste,127,0.2
35048,Wladyslaw Lizon Conservative/Conservateur,18796,40
35048,Peter Fonseca Liberal/Libéral,18120,38.5
35048,Waseem Ahmed NDP-New Democratic Party/NPD-Nouveau Parti démocratique,8836,18.8
35048,Jaymini Bhikha Green Party/Parti Vert,1032,2.2
35048,Pierre Chénier Marxist-Leninist/Marxiste-Léniniste,241,0.5
35049,Robert Dechert ** Conservative/Conservateur,29793,47
35049,Omar Alghabra Liberal/Libéral,21541,33.9
35049,Michelle Bilek NDP-New Democratic Party/NPD-Nouveau Parti démocratique,10327,16.3
35049,John Fraser Green Party/Parti Vert,1694,2.7
35049,Dagmar Sullivan Marxist-Leninist/Marxiste-Léniniste,99,0.2
35050,Stella Ambler Conservative/Conservateur,22991,46.5
35050,Paul Szabo ** Liberal/Libéral,18393,37.2
35050,Farah Kalbouneh NDP-New Democratic Party/NPD-Nouveau Parti démocratique,6354,12.8
35050,Paul Simas Green Party/Parti Vert,1532,3.1
35050,Richard Barrett No Affiliation/Aucune appartenance,194,0.4
35051,Brad Butt Conservative/Conservateur,22104,43.9
35051,Bonnie Crombie ** Liberal/Libéral,18651,37
35051,Aijaz Naqvi NDP-New Democratic Party/NPD-Nouveau Parti démocratique,7834,15.5
35051,Chris Hill Green Party/Parti Vert,1802,3.6
35052,Pierre Poilievre ** Conservative/Conservateur,43477,54.5
35052,Ryan Keon Liberal/Libéral,20146,25.2
35052,Ric Dagenais NDP-New Democratic Party/NPD-Nouveau Parti démocratique,12962,16.2
35052,Jean-Luc Cooke Green Party/Parti Vert,3260,4.1
35053,Lois Brown ** Conservative/Conservateur,31600,54.3
35053,Kyle Peterson Liberal/Libéral,13908,23.9
35053,Kassandra Bidarian NDP-New Democratic Party/NPD-Nouveau Parti démocratique,8886,15.3
35053,Vanessa Long Green Party/Parti Vert,2628,4.5
35053,Dorian Baxter PC Party/Parti PC,998,1.7
35053,Yvonne Mackie Animal Alliance/Environment Voters/Animal Alliance/Environment Voters,182,0.3
35054,Rob Nicholson ** Conservative/Conservateur,28748,53.3
35054,Heather Kelley NDP-New Democratic Party/NPD-Nouveau Parti démocratique,12681,23.5
35054,Bev Hodgson Liberal/Libéral,10206,18.9
35054,Shawn Willick Green Party/Parti Vert,2086,3.9
35054,Harold Jonker CHP Canada/PHC Canada,259,0.5
35055,Dean Allison ** Conservative/Conservateur,33701,57.3
35055,David Heatley NDP-New Democratic Party/NPD-Nouveau Parti démocratique,12734,21.6
35055,Stephen Bieda Liberal/Libéral,8699,14.8
35055,Sid Frere Green Party/Parti Vert,2530,4.3
35055,Bryan Jongbloed CHP Canada/PHC Canada,1199,2
35056,Claude Gravelle ** NDP-New Democratic Party/NPD-Nouveau Parti démocratique,24566,55
35056,Lynne Reynolds Conservative/Conservateur,12503,28
35056,Joe Cormier Liberal/Libéral,6308,14.1
35056,Christine Guillot-Proulx Green Party/Parti Vert,1252,2.8
35056,Steve Rutchinski Marxist-Leninist/Marxiste-Léniniste,59,0.1
35057,Jay Aspin Conservative/Conservateur,15495,36.7
35057,Anthony Rota ** Liberal/Libéral,15477,36.6
35057,Rona Eckert NDP-New Democratic Party/NPD-Nouveau Parti démocratique,8781,20.8
35057,Scott Edward Daley Green Party/Parti Vert,2518,6
35058,Rick Norlock ** Conservative/Conservateur,32853,53.8
35058,Kim Rudd Liberal/Libéral,12822,21
35058,Russ Christianson NDP-New Democratic Party/NPD-Nouveau Parti démocratique,12626,20.7
35058,Ralph Torrie Green Party/Parti Vert,2733,4.5
35059,Paul Calandra ** Conservative/Conservateur,46241,51.1
35059,Lui Temelkovski Liberal/Libéral,25561,28.3
35059,Janice Hagan NDP-New Democratic Party/NPD-Nouveau Parti démocratique,15229,16.8
35059,Trifon Haitas Green Party/Parti Vert,2349,2.6
35059,John Siciliano PC Party/Parti PC,1080,1.2
35060,Terence Young ** Conservative/Conservateur,30068,51.6
35060,Max Khan Liberal/Libéral,17890,30.7
35060,James Ede NDP-New Democratic Party/NPD-Nouveau Parti démocratique,8117,13.9
35060,Andrew Chlobowski Green Party/Parti Vert,2140,3.7
35061,Colin Carrie ** Conservative/Conservateur,26034,51.3
35061,Chris Buckley NDP-New Democratic Party/NPD-Nouveau Parti démocratique,19212,37.9
35061,James Cooper Morton Liberal/Libéral,3536,7
35061,Gail Bates Green Party/Parti Vert,1631,3.2
35061,Matthew Belanger Libertarian/Libertarien,260,0.5
35061,David Gershuny Marxist-Leninist/Marxiste-Léniniste,61,0.1
35062,Paul Dewar ** NDP-New Democratic Party/NPD-Nouveau Parti démocratique,33805,52.1
35062,Damian Konstantinakos Conservative/Conservateur,14063,21.7
35062,Scott Bradley Liberal/Libéral,13049,20.1
35062,Jen Hunter Green Party/Parti Vert,3262,5
35062,John Andrew Akpata Radical Marijuana/Radical Marijuana,326,0.5
35062,Romeo Bellai Independent/Indépendant,210,0.3
35062,Stuart Ryan Communist/Communiste,109,0.2
35062,Pierre Soublière Marxist-Leninist/Marxiste-Léniniste,44,0.1
35063,Royal Galipeau ** Conservative/Conservateur,28584,44.6
35063,David Bertschi Liberal/Libéral,24649,38.4
35063,Martine Cénatus NDP-New Democratic Party/NPD-Nouveau Parti démocratique,9086,14.2
35063,Paul Maillet Green Party/Parti Vert,1839,2.9
35064,David McGuinty ** Liberal/Libéral,25963,44
35064,Elie Salibi Conservative/Conservateur,19634,33.3
35064,James McLaren NDP-New Democratic Party/NPD-Nouveau Parti démocratique,10712,18.2
35064,Mick Kitor Green Party/Parti Vert,1787,3
35064,Al Gullon PC Party/Parti PC,513,0.9
35064,Mike Bleskie Pirate Party/Parti Pirate,382,0.6
35065,Mauril Bélanger ** Liberal/Libéral,20009,38.2
35065,Trevor Haché NDP-New Democratic Party/NPD-Nouveau Parti démocratique,15391,29.4
35065,Rem Westland Conservative/Conservateur,14184,27.1
35065,Caroline Rioux Green Party/Parti Vert,2716,5.2
35065,Christian Legeais Marxist-Leninist/Marxiste-Léniniste,122,0.2
35066,John Baird ** Conservative/Conservateur,25226,44.7
35066,Anita Vandenbeld Liberal/Libéral,17790,31.5
35066,Marlene Rivier NDP-New Democratic Party/NPD-Nouveau Parti démocratique,11128,19.7
35066,Mark MacKenzie Green Party/Parti Vert,2279,4
35067,Dave MacKenzie ** Conservative/Conservateur,27973,58.9
35067,Paul Arsenault NDP-New Democratic Party/NPD-Nouveau Parti démocratique,12164,25.6
35067,Tim Lobzun Liberal/Libéral,4521,9.5
35067,Mike Farlow Green Party/Parti Vert,2058,4.3
35067,John Markus CHP Canada/PHC Canada,776,1.6
35068,Peggy Nash NDP-New Democratic Party/NPD-Nouveau Parti démocratique,24046,47.2
35068,Gerard Kennedy ** Liberal/Libéral,16757,32.9
35068,Taylor Train Conservative/Conservateur,7924,15.6
35068,Sarah Newton Green Party/Parti Vert,1666,3.3
35068,Andrew Borkowski CHP Canada/PHC Canada,251,0.5
35068,Terry Parker Radical Marijuana/Radical Marijuana,215,0.4
35068,Lorne Gershuny Marxist-Leninist/Marxiste-Léniniste,86,0.2
35069,Tony Clement ** Conservative/Conservateur,25864,55.7
35069,Wendy Wilson NDP-New Democratic Party/NPD-Nouveau Parti démocratique,11217,24.2
35069,Cindy Waters Liberal/Libéral,5330,11.5
35069,Glen Hodgson Green Party/Parti Vert,3776,8.1
35069,David Carmichael Independent/Indépendant,168,0.4
35069,Albert Gray Smith Marxist-Leninist/Marxiste-Léniniste,54,0.1
35070,Gary Schellenberger ** Conservative/Conservateur,25281,54.5
35070,Ellen Papenburg NDP-New Democratic Party/NPD-Nouveau Parti démocratique,9861,21.3
35070,Bob McTavish Liberal/Libéral,8341,18
35070,John Cowling Green Party/Parti Vert,2112,4.6
35070,Irma N DeVries CHP Canada/PHC Canada,806,1.7
35071,Dean Del Mastro ** Conservative/Conservateur,29393,49.7
35071,Dave Nickle NDP-New Democratic Party/NPD-Nouveau Parti démocratique,14723,24.9
35071,Betsy McGregor Liberal/Libéral,12664,21.4
35071,Michael Bell Green Party/Parti Vert,2105,3.6
35071,Gordon Scott No Affiliation/Aucune appartenance,189,0.3
35071,Michael Bates CAP/PAC,104,0.2
35072,Corneliu Chisu Conservative/Conservateur,19220,40.1
35072,Dan McTeague ** Liberal/Libéral,18013,37.6
35072,Andrea Moffat NDP-New Democratic Party/NPD-Nouveau Parti démocratique,8932,18.6
35072,Kevin Smith Green Party/Parti Vert,1751,3.7
35073,Daryl Kramp ** Conservative/Conservateur,29062,53.3
35073,Michael McMahon NDP-New Democratic Party/NPD-Nouveau Parti démocratique,12940,23.7
35073,Peter Tinsley Liberal/Libéral,10230,18.7
35073,Patrick Larkin Green Party/Parti Vert,1887,3.5
35073,Tim Hickey Independent/Indépendant,283,0.5
35073,Andrew Skinner PC Party/Parti PC,171,0.3
35074,Cheryl Gallant ** Conservative/Conservateur,27462,53.4
35074,Hec Clouthier Independent/Indépendant,9611,18.7
35074,Eric Burton NDP-New Democratic Party/NPD-Nouveau Parti démocratique,6903,13.4
35074,Christine Tabbert Liberal/Libéral,6545,12.7
35074,Roseanne Van Schie Green Party/Parti Vert,877,1.7
35075,Costas Menegakis Conservative/Conservateur,22078,44.1
35075,Bryon Wilfert ** Liberal/Libéral,17671,35.3
35075,Adam DeVita NDP-New Democratic Party/NPD-Nouveau Parti démocratique,8433,16.9
35075,Cameron W. Hastings Green Party/Parti Vert,1832,3.7
35076,Rick Dykstra ** Conservative/Conservateur,25571,50.9
35076,Mike Williams NDP-New Democratic Party/NPD-Nouveau Parti démocratique,11973,23.8
35076,Andrew Gill Liberal/Libéral,10358,20.6
35076,Jennifer Mooradian Green Party/Parti Vert,1924,3.8
35076,Dave Bylsma CHP Canada/PHC Canada,357,0.7
35076,Saleh Waziruddin Communist/Communiste,91,0.2
35077,Carolyn Bennett ** Liberal/Libéral,22409,40.6
35077,Maureen Harquail Conservative/Conservateur,17864,32.4
35077,William Molls NDP-New Democratic Party/NPD-Nouveau Parti démocratique,12124,22
35077,Jim McGarva Green Party/Parti Vert,2495,4.5
35077,John Kittredge Libertarian/Libertarien,303,0.5
35078,Pat Davidson ** Conservative/Conservateur,26112,52.6
35078,Brian White NDP-New Democratic Party/NPD-Nouveau Parti démocratique,14856,29.9
35078,Tim Fugard Liberal/Libéral,6931,14
35078,Tim van Bodegom Green Party/Parti Vert,1252,2.5
35078,Christopher Desormeaux-Malm CHP Canada/PHC Canada,514,1
35079,Bryan Hayes Conservative/Conservateur,18328,41.4
35079,Tony Martin ** NDP-New Democratic Party/NPD-Nouveau Parti démocratique,16467,37.2
35079,Christian Provenzano Liberal/Libéral,8343,18.9
35079,Luke Macmichael Green Party/Parti Vert,945,2.1
35079,Randy Riauka CHP Canada/PHC Canada,111,0.3
35079,Mike Taffarel Marxist-Leninist/Marxiste-Léniniste,38,0.1
35080,Jim Karygiannis ** Liberal/Libéral,18498,45.4
35080,Harry Tsai Conservative/Conservateur,13930,34.2
35080,Nancy Patchell NDP-New Democratic Party/NPD-Nouveau Parti démocratique,7376,18.1
35080,Pauline Thompson Green Party/Parti Vert,946,2.3
35081,Roxanne James Conservative/Conservateur,13498,35.6
35081,John Cannis ** Liberal/Libéral,12028,31.7
35081,Natalie Hundt NDP-New Democratic Party/NPD-Nouveau Parti démocratique,11443,30.1
35081,Ella Ng Green Party/Parti Vert,998,2.6
35082,John McKay ** Liberal/Libéral,13849,36.2
35082,Chuck Konkel Conservative/Conservateur,13158,34.4
35082,Danielle Ouellette NDP-New Democratic Party/NPD-Nouveau Parti démocratique,10145,26.5
35082,Alonzo Bartley Green Party/Parti Vert,848,2.2
35082,Paul Coulbeck Independent/Indépendant,259,0.7
35083,Rathika Sitsabaiesan NDP-New Democratic Party/NPD-Nouveau Parti démocratique,18935,40.6
35083,Marlene Gallyot Conservative/Conservateur,13935,29.9
35083,Rana Sarkar Liberal/Libéral,12699,27.2
35083,George B. Singh Green Party/Parti Vert,684,1.5
35083,Mark Balack Independent/Indépendant,357,0.8
35084,Dan Harris NDP-New Democratic Party/NPD-Nouveau Parti démocratique,14119,35
35084,Gavan Paranchothy Conservative/Conservateur,12830,31.8
35084,Michelle Simson ** Liberal/Libéral,11699,29
35084,Stefan Dixon Green Party/Parti Vert,1635,4.1
35085,Kellie Leitch Conservative/Conservateur,31784,49.4
35085,Katy Austin NDP-New Democratic Party/NPD-Nouveau Parti démocratique,11185,17.4
35085,Helena Guergis ** No Affiliation/Aucune appartenance,8714,13.5
35085,Alex Smardenka Liberal/Libéral,8207,12.7
35085,Jace Metheral Green Party/Parti Vert,3482,5.4
35085,Peter Vander Zaag CHP Canada/PHC Canada,757,1.2
35085,Gord Cochrane CAP/PAC,244,0.4
35086,Bruce Stanton ** Conservative/Conservateur,31581,54.5
35086,Richard Banigan NDP-New Democratic Party/NPD-Nouveau Parti démocratique,11515,19.9
35086,Steve Clarke Liberal/Libéral,11090,19.1
35086,Valerie Powell Green Party/Parti Vert,3489,6
35086,Adrian Kooger CHP Canada/PHC Canada,322,0.6
35087,Guy Lauzon ** Conservative/Conservateur,29538,62.1
35087,Bernadette Clement Liberal/Libéral,8510,17.9
35087,Mario Leclerc NDP-New Democratic Party/NPD-Nouveau Parti démocratique,8313,17.5
35087,Wyatt Joseph Walsh Green Party/Parti Vert,1038,2.2
35087,Darcy Neal Donnelly Libertarian/Libertarien,151,0.3
35088,Glenn Thibeault ** NDP-New Democratic Party/NPD-Nouveau Parti démocratique,22684,49.9
35088,Fred Slade Conservative/Conservateur,12881,28.3
35088,Carol Hartman Liberal/Libéral,8172,18
35088,Fred Twilley Green Party/Parti Vert,1359,3
35088,Will Morin FPNP/FPNP,229,0.5
35088,J. David Popescu Independent/Indépendant,116,0.3
35089,Peter Kent ** Conservative/Conservateur,36629,61.4
35089,Karen Mock Liberal/Libéral,14125,23.7
35089,Simon Strelchik NDP-New Democratic Party/NPD-Nouveau Parti démocratique,7141,12
35089,Norbert Koehl Green Party/Parti Vert,1562,2.6
35089,Liz White Animal Alliance/Environment Voters/Animal Alliance/Environment Voters,215,0.4
35090,John Rafferty ** NDP-New Democratic Party/NPD-Nouveau Parti démocratique,18085,48.7
35090,Moe Comuzzi-Stehmann Conservative/Conservateur,10097,27.2
35090,Ken Boshcoff Liberal/Libéral,8067,21.7
35090,Ed Shields Green Party/Parti Vert,909,2.4
35091,Bruce Hyer ** NDP-New Democratic Party/NPD-Nouveau Parti démocratique,18334,49.9
35091,Richard Harvey Conservative/Conservateur,10894,29.7
35091,Yves Fricot Liberal/Libéral,6117,16.7
35091,Scot Kyle Green Party/Parti Vert,1115,3
35091,Denis A. Carrière Radical Marijuana/Radical Marijuana,265,0.7
35092,Charlie Angus ** NDP-New Democratic Party/NPD-Nouveau Parti démocratique,16738,50.4
35092,Bill Greenberg Conservative/Conservateur,10526,31.7
35092,Marilyn Wood Liberal/Libéral,5230,15.7
35092,Lisa Bennett Green Party/Parti Vert,724,2.2
35093,Bob Rae ** Liberal/Libéral,22832,41
35093,Susan Wallace NDP-New Democratic Party/NPD-Nouveau Parti démocratique,16818,30.2
35093,Kevin Moore Conservative/Conservateur,12604,22.6
35093,Ellen Michelson Green Party/Parti Vert,2796,5
35093,Judi Falardeau Libertarian/Libertarien,277,0.5
35093,Catherine Holliday Communist/Communiste,159,0.3
35093,Bahman Yazdanfar Independent/Indépendant,108,0.2
35093,Philip Fernandez Marxist-Leninist/Marxiste-Léniniste,76,0.1
35094,Jack Layton ** NDP-New Democratic Party/NPD-Nouveau Parti démocratique,29235,60.8
35094,Andrew Lang Liberal/Libéral,8472,17.6
35094,Katarina von Koenig Conservative/Conservateur,6885,14.3
35094,Adriana Mugnatto-Hamu Green Party/Parti Vert,3107,6.5
35094,Marie Crawford Animal Alliance/Environment Voters/Animal Alliance/Environment Voters,387,0.8
35095,Olivia Chow ** NDP-New Democratic Party/NPD-Nouveau Parti démocratique,35601,54.5
35095,Christine Innes Liberal/Libéral,15276,23.4
35095,Gin Siow Conservative/Conservateur,10976,16.8
35095,Rachel Barney Green Party/Parti Vert,2861,4.4
35095,Chester Brown Libertarian/Libertarien,456,0.7
35095,Nick Lin Marxist-Leninist/Marxiste-Léniniste,140,0.2
35096,Julian Fantino ** Conservative/Conservateur,38533,56.3
35096,Mario Ferri Liberal/Libéral,20435,29.9
35096,Mark Pratt NDP-New Democratic Party/NPD-Nouveau Parti démocratique,7940,11.6
35096,Claudia Rodriguez-Larrain Green Party/Parti Vert,1515,2.2
35097,Malcolm Allen ** NDP-New Democratic Party/NPD-Nouveau Parti démocratique,21917,42.2
35097,Leanna Villella Conservative/Conservateur,20895,40.2
35097,John Maloney Liberal/Libéral,7276,14
35097,Robin Williamson Green Party/Parti Vert,1297,2.5
35097,David Vangoolen CHP Canada/PHC Canada,299,0.6
35097,Ray Game Independent/Indépendant,169,0.3
35097,Ron J. Walker Marxist-Leninist/Marxiste-Léniniste,71,0.1
35098,Michael Chong ** Conservative/Conservateur,35132,63.7
35098,Barry Peters Liberal/Libéral,9034,16.4
35098,Anastasia Zavarella NDP-New Democratic Party/NPD-Nouveau Parti démocratique,7146,13
35098,Brent Bouteiller Green Party/Parti Vert,3527,6.4
35098,Jeffrey Streutker CHP Canada/PHC Canada,316,0.6
35099,Jim Flaherty ** Conservative/Conservateur,37525,58.4
35099,Trish McAuliffe NDP-New Democratic Party/NPD-Nouveau Parti démocratique,14305,22.3
35099,Trevor Bardens Liberal/Libéral,9066,14.1
35099,Rebecca Harrison Green Party/Parti Vert,3143,4.9
35099,Josh Insang Libertarian/Libertarien,198,0.3
35100,Chungsen Leung Conservative/Conservateur,22207,41.7
35100,Martha Hall Findlay ** Liberal/Libéral,21275,39.9
35100,Mehdi Mollahasani NDP-New Democratic Party/NPD-Nouveau Parti démocratique,9777,18.4
35101,Joe Comartin ** NDP-New Democratic Party/NPD-Nouveau Parti démocratique,22235,49.9
35101,Denise Ghanam Conservative/Conservateur,14945,33.6
35101,Irek Kusmierczyk Liberal/Libéral,5764,12.9
35101,Kyle Prestanski Green Party/Parti Vert,1354,3
35101,Laura Chesnik Marxist-Leninist/Marxiste-Léniniste,242,0.5
35102,Brian Masse ** NDP-New Democratic Party/NPD-Nouveau Parti démocratique,21592,54.3
35102,Lisa Lumley Conservative/Conservateur,12577,31.6
35102,Melanie Deveau Liberal/Libéral,4327,10.9
35102,Alishia Fox Green Party/Parti Vert,1096,2.8
35102,Margaret Villamizar Marxist-Leninist/Marxiste-Léniniste,153,0.4
35103,Mark Adler Conservative/Conservateur,20356,48.5
35103,Ken Dryden ** Liberal/Libéral,13979,33.3
35103,Nick Brownlee NDP-New Democratic Party/NPD-Nouveau Parti démocratique,6656,15.9
35103,Rosemary Frei Green Party/Parti Vert,979,2.3
35104,Peter Van Loan ** Conservative/Conservateur,33614,63.6
35104,Sylvia Gerl NDP-New Democratic Party/NPD-Nouveau Parti démocratique,10190,19.3
35104,Cynthia Wesley-Esquimaux Liberal/Libéral,5702,10.8
35104,John Dewar Green Party/Parti Vert,2851,5.4
35104,Vicki Gunn CHP Canada/PHC Canada,352,0.7
35104,Paul Pisani United Party/Parti Uni,157,0.3
35105,Mike Sullivan NDP-New Democratic Party/NPD-Nouveau Parti démocratique,14122,40.1
35105,Alan Tonks ** Liberal/Libéral,11542,32.8
35105,Jilian Saweczko Conservative/Conservateur,8559,24.3
35105,Sonny Day Green Party/Parti Vert,975,2.8
35106,Judy Sgro ** Liberal/Libéral,13030,47
35106,Giulio Manfrini NDP-New Democratic Party/NPD-Nouveau Parti démocratique,7721,27.8
35106,Audrey Walters Conservative/Conservateur,6122,22.1
35106,Unblind Kheper Keseb Efekh Tibbin Green Party/Parti Vert,450,1.6
35106,George Okoth Otura CHP Canada/PHC Canada,231,0.8
35106,Arthur Smitherman CAP/PAC,170,0.6
46001,Merv Tweed ** Conservative/Conservateur,22386,63.7
46001,John Bouché NDP-New Democratic Party/NPD-Nouveau Parti démocratique,8845,25.2
46001,Dave Barnes Green Party/Parti Vert,2012,5.7
46001,Wes Penner Liberal/Libéral,1882,5.4
46002,Steven Fletcher ** Conservative/Conservateur,23264,57.6
46002,Tom Paulley NDP-New Democratic Party/NPD-Nouveau Parti démocratique,8134,20.1
46002,Rob Clement Liberal/Libéral,7433,18.4
46002,Denali Enns Green Party/Parti Vert,1587,3.9
46003,Niki Ashton ** NDP-New Democratic Party/NPD-Nouveau Parti démocratique,10262,51.1
46003,Wally Daudrich Conservative/Conservateur,5256,26.2
46003,Sydney Garrioch Liberal/Libéral,4087,20.4
46003,Alberteen Spence Green Party/Parti Vert,471,2.3
46004,Robert Sopuck ** Conservative/Conservateur,18543,63.1
46004,Cheryl Osborne NDP-New Democratic Party/NPD-Nouveau Parti démocratique,7657,26.1
46004,Wendy Menzies Liberal/Libéral,1947,6.6
46004,Kate Storey Green Party/Parti Vert,1243,4.2
46005,Lawrence Toet Conservative/Conservateur,15298,46.4
46005,Jim Maloway ** NDP-New Democratic Party/NPD-Nouveau Parti démocratique,14998,45.5
46005,Ilona Niemczyk Liberal/Libéral,1660,5
46005,Ellen Young Green Party/Parti Vert,1017,3.1
46006,Joy Smith ** Conservative/Conservateur,22670,58.2
46006,Rachelle Devine NDP-New Democratic Party/NPD-Nouveau Parti démocratique,11727,30.1
46006,Victor Andres Liberal/Libéral,3199,8.2
46006,Alon David Weinberg Green Party/Parti Vert,1020,2.6
46006,Brett Ryall Independent/Indépendant,218,0.6
46006,Eduard Hiebert Independent/Indépendant,145,0.4
46007,Candice Hoeppner ** Conservative/Conservateur,26899,76
46007,Mohamed Alli NDP-New Democratic Party/NPD-Nouveau Parti démocratique,3478,9.8
46007,M.J. Willard Liberal/Libéral,2221,6.3
46007,Matthew Friesen Green Party/Parti Vert,1996,5.6
46007,Jerome Dondo CHP Canada/PHC Canada,805,2.3
46008,Vic Toews ** Conservative/Conservateur,27820,70.6
46008,Al Mackling NDP-New Democratic Party/NPD-Nouveau Parti démocratique,7051,17.9
46008,Terry Hayward Liberal/Libéral,2645,6.7
46008,Janine Gibson Green Party/Parti Vert,1164,3
46008,David Reimer CHP Canada/PHC Canada,510,1.3
46008,Ric Lim Pirate Party/Parti Pirate,215,0.5
46009,Shelly Glover ** Conservative/Conservateur,21737,50.3
46009,Raymond Simard Liberal/Libéral,13314,30.8
46009,Patrice Miniely NDP-New Democratic Party/NPD-Nouveau Parti démocratique,6935,16
46009,Marc Payette Green Party/Parti Vert,1245,2.9
46010,James Bezan ** Conservative/Conservateur,26848,65.2
46010,Sean Palsson NDP-New Democratic Party/NPD-Nouveau Parti démocratique,10933,26.5
46010,Duncan Geisler Liberal/Libéral,1980,4.8
46010,Don Winstone Green Party/Parti Vert,1423,3.5
46011,Pat Martin ** NDP-New Democratic Party/NPD-Nouveau Parti démocratique,13928,53.7
46011,Bev Pitura Conservative/Conservateur,7173,27.6
46011,Allan Wise Liberal/Libéral,2872,11.1
46011,Jacqueline Romanow Green Party/Parti Vert,1830,7.1
46011,Darrell Rankin Communist/Communiste,152,0.6
46012,Kevin Lamoureux ** Liberal/Libéral,9097,35.8
46012,Rebecca Blaikie NDP-New Democratic Party/NPD-Nouveau Parti démocratique,9053,35.6
46012,Ann Matejicka Conservative/Conservateur,6701,26.4
46012,John Harvie Green Party/Parti Vert,458,1.8
46012,Frank Komarniski Communist/Communiste,118,0.5
46013,Rod Bruinooge ** Conservative/Conservateur,22840,52.2
46013,Terry Duguid Liberal/Libéral,14296,32.7
46013,Dave Gaudreau NDP-New Democratic Party/NPD-Nouveau Parti démocratique,5693,13
46013,Caitlin McIntyre Green Party/Parti Vert,889,2
46014,Joyce Bateman Conservative/Conservateur,15506,38.8
46014,Anita Neville ** Liberal/Libéral,14784,37
46014,Dennis Lewycky NDP-New Democratic Party/NPD-Nouveau Parti démocratique,7945,19.9
46014,Joshua McNeil Green Party/Parti Vert,1383,3.5
46014,Matt Henderson Independent/Indépendant,218,0.5
46014,Lyndon B. Froese Independent/Indépendant,103,0.3
47001,Gerry Ritz ** Conservative/Conservateur,19203,66.9
47001,Glenn Tait NDP-New Democratic Party/NPD-Nouveau Parti démocratique,7767,27.1
47001,Jordan LaPlante Liberal/Libéral,950,3.3
47001,Norbert Kratchmer Green Party/Parti Vert,785,2.7
47002,Lynne Yelich ** Conservative/Conservateur,23280,54.4
47002,Darien Moore NDP-New Democratic Party/NPD-Nouveau Parti démocratique,15769,36.8
47002,Deborah J. Walker Liberal/Libéral,2713,6.3
47002,Shawn Setyo Green Party/Parti Vert,1033,2.4
47004,David Anderson ** Conservative/Conservateur,20555,69.8
47004,Trevor Peterson NDP-New Democratic Party/NPD-Nouveau Parti démocratique,6248,21.2
47004,Duane Filson Liberal/Libéral,1838,6.2
47004,Helmi Scott Green Party/Parti Vert,788,2.7
47003,Rob Gordon Clarke ** Conservative/Conservateur,10509,47.9
47003,Lawrence Joseph NDP-New Democratic Party/NPD-Nouveau Parti démocratique,9715,44.3
47003,Gabe Lafond Liberal/Libéral,1144,5.2
47003,George Morin Green Party/Parti Vert,560,2.6
47005,Ray Boughen ** Conservative/Conservateur,15850,47
47005,Noah Patrick Evanchuk NDP-New Democratic Party/NPD-Nouveau Parti démocratique,15084,44.7
47005,Russ Collicott Liberal/Libéral,1797,5.3
47005,Larissa Shasko Green Party/Parti Vert,995,3
47006,Randy Hoback ** Conservative/Conservateur,19214,62.2
47006,Valerie Mushinski NDP-New Democratic Party/NPD-Nouveau Parti démocratique,9841,31.8
47006,Ron Wassill Liberal/Libéral,1070,3.5
47006,Myk Brazier Green Party/Parti Vert,666,2.2
47006,Craig Leonard Batley CAP/PAC,116,0.4
47007,Tom Lukiwski ** Conservative/Conservateur,18076,53.2
47007,Brian Sklar NDP-New Democratic Party/NPD-Nouveau Parti démocratique,12518,36.8
47007,Monica Lysack Liberal/Libéral,2467,7.3
47007,Billy Patterson Green Party/Parti Vert,911,2.7
47008,Andrew Scheer ** Conservative/Conservateur,15896,53.5
47008,Fred Clipsham NDP-New Democratic Party/NPD-Nouveau Parti démocratique,11419,38.4
47008,Jackie Miller Liberal/Libéral,1400,4.7
47008,Greg Chatterson Green Party/Parti Vert,879,3
47008,Jeff Breti Independent/Indépendant,127,0.4
47009,Brad Trost ** Conservative/Conservateur,19954,52.7
47009,Denise Kouri NDP-New Democratic Party/NPD-Nouveau Parti démocratique,13271,35.1
47009,Darren Hill Liberal/Libéral,3013,8
47009,Sandra Finley Green Party/Parti Vert,926,2.4
47009,Jim Pankiw Independent/Indépendant,682,1.8
47010,Kelly Block ** Conservative/Conservateur,14652,48.7
47010,Nettie Wiebe NDP-New Democratic Party/NPD-Nouveau Parti démocratique,14114,46.9
47010,Lee Reaney Liberal/Libéral,697,2.3
47010,Vicki Strelioff Green Party/Parti Vert,626,2.1
47011,Maurice Vellacott ** Conservative/Conservateur,21183,58.4
47011,John Parry NDP-New Democratic Party/NPD-Nouveau Parti démocratique,11395,31.4
47011,Patricia Zipchen Liberal/Libéral,2428,6.7
47011,Mark Bigland-Pritchard Green Party/Parti Vert,1250,3.4
47012,Ed Komarnicki ** Conservative/Conservateur,21598,74
47012,Allan Arthur NDP-New Democratic Party/NPD-Nouveau Parti démocratique,5461,18.7
47012,Gerald Borrowman Liberal/Libéral,1236,4.2
47012,Bob Deptuck Green Party/Parti Vert,898,3.1
47013,Ralph Goodale ** Liberal/Libéral,15823,40.8
47013,Ian Shields Conservative/Conservateur,14291,36.9
47013,Marc Spooner NDP-New Democratic Party/NPD-Nouveau Parti démocratique,7681,19.8
47013,Bill Clary Green Party/Parti Vert,954,2.5
47014,Garry Breitkreuz ** Conservative/Conservateur,21906,68.9
47014,Douglas Ottenbreit NDP-New Democratic Party/NPD-Nouveau Parti démocratique,6931,21.8
47014,Kash Andreychuk Liberal/Libéral,2167,6.8
47014,Elaine Hughes Green Party/Parti Vert,774,2.4
48006,Lee Richardson ** Conservative/Conservateur,28401,57.7
48006,Jennifer Pollock Liberal/Libéral,8631,17.5
48006,Donna Marlis Montgomery NDP-New Democratic Party/NPD-Nouveau Parti démocratique,7314,14.9
48006,William Hamilton Green Party/Parti Vert,4889,9.9
48003,Michelle Rempel Conservative/Conservateur,28443,56.5
48003,Paul Vargis NDP-New Democratic Party/NPD-Nouveau Parti démocratique,8048,16
48003,Stephen James Randall Liberal/Libéral,7046,14
48003,Heather MacIntosh Green Party/Parti Vert,6578,13.1
48003,Peggy Askin Marxist-Leninist/Marxiste-Léniniste,203,0.4
48002,Deepak Obhrai ** Conservative/Conservateur,23372,67.4
48002,Al Brown NDP-New Democratic Party/NPD-Nouveau Parti démocratique,4894,14.1
48002,Josipa Petrunic Liberal/Libéral,4102,11.8
48002,Scott W. Milton Green Party/Parti Vert,2047,5.9
48002,Jason Devine Communist/Communiste,246,0.7
48004,Devinder Shory ** Conservative/Conservateur,23550,56.8
48004,Cam Stewart Liberal/Libéral,11487,27.7
48004,Colette Singh NDP-New Democratic Party/NPD-Nouveau Parti démocratique,4262,10.3
48004,Sheila Brown-Eckersley Green Party/Parti Vert,1953,4.7
48004,Daniel Blanchard Marxist-Leninist/Marxiste-Léniniste,206,0.5
48005,Diane Ablonczy ** Conservative/Conservateur,40384,70.2
48005,Collin Anderson NDP-New Democratic Party/NPD-Nouveau Parti démocratique,7189,12.5
48005,Margaret McLeod Liberal/Libéral,6501,11.3
48005,Tony Hajj Green Party/Parti Vert,3480,6
48007,Jason Kenney ** Conservative/Conservateur,48173,76.3
48007,Kirk Oates NDP-New Democratic Party/NPD-Nouveau Parti démocratique,6482,10.3
48007,Brett Spencer Green Party/Parti Vert,4079,6.5
48007,Brian N. MacPhee Liberal/Libéral,4020,6.4
48007,Antoni Grochowski Independent/Indépendant,225,0.4
48007,Paul Fromm WBP/WBP,193,0.3
48008,Stephen J Harper ** Conservative/Conservateur,42998,75.1
48008,Holly Heffernan NDP-New Democratic Party/NPD-Nouveau Parti démocratique,6823,11.9
48008,Marlene Lamontagne Liberal/Libéral,4121,7.2
48008,Kelly Christie Green Party/Parti Vert,2991,5.2
48008,Larry R. Heather Independent/Indépendant,303,0.5
48009,Robert Anders ** Conservative/Conservateur,39996,62.2
48009,Janice Kinch Liberal/Libéral,11374,17.7
48009,Shawna Knowles NDP-New Democratic Party/NPD-Nouveau Parti démocratique,6679,10.4
48009,Anna Lisa Wagner Green Party/Parti Vert,6070,9.4
48009,André Vachon Marxist-Leninist/Marxiste-Léniniste,227,0.4
48010,Kevin A Sorenson ** Conservative/Conservateur,44115,84
48010,Ellen Parker NDP-New Democratic Party/NPD-Nouveau Parti démocratique,4805,9.1
48010,Konrad Schellenberg Green Party/Parti Vert,1711,3.3
48010,Omar Harb Liberal/Libéral,1224,2.3
48010,John C. Turner Independent/Indépendant,463,0.9
48010,Gerard Groenendijk CHP Canada/PHC Canada,204,0.4
48012,Laurie Hawn ** Conservative/Conservateur,23625,48
48012,Lewis Cardinal NDP-New Democratic Party/NPD-Nouveau Parti démocratique,12480,25.4
48012,Mary MacDonald Liberal/Libéral,11037,22.4
48012,David James Parker Green Party/Parti Vert,1676,3.4
48012,Mikkel Paulson Pirate Party/Parti Pirate,289,0.6
48012,Peggy Morton Marxist-Leninist/Marxiste-Léniniste,81,0.2
48013,Peter Goldring ** Conservative/Conservateur,24111,52.7
48013,Ray Martin NDP-New Democratic Party/NPD-Nouveau Parti démocratique,17078,37.4
48013,Shafik Ruda Liberal/Libéral,3176,6.9
48013,Trey Capnerhurst Green Party/Parti Vert,1345,2.9
48014,James Rajotte ** Conservative/Conservateur,37778,63.6
48014,Artem Medvedev NDP-New Democratic Party/NPD-Nouveau Parti démocratique,11488,19.3
48014,Richard Fahlman Liberal/Libéral,7270,12.2
48014,Valerie Kennedy Green Party/Parti Vert,2896,4.9
48011,Mike Lake ** Conservative/Conservateur,27857,61
48011,Nadine Bailey NDP-New Democratic Party/NPD-Nouveau Parti démocratique,10875,23.8
48011,Mike Butler Liberal/Libéral,5066,11.1
48011,Christa Baxter Green Party/Parti Vert,1364,3
48011,Brent Schaffrick Pirate Party/Parti Pirate,374,0.8
48011,Naomi Rankin Communist/Communiste,100,0.2
48015,Brent Rathgeber ** Conservative/Conservateur,34468,63.5
48015,Brian LaBelle NDP-New Democratic Party/NPD-Nouveau Parti démocratique,11644,21.4
48015,Kevin Taron Liberal/Libéral,5796,10.7
48015,Peter Johnston Green Party/Parti Vert,2409,4.4
48016,Tim Uppal ** Conservative/Conservateur,24623,44.7
48016,James Ford Independent/Indépendant,16263,29.5
48016,Mike Scott NDP-New Democratic Party/NPD-Nouveau Parti démocratique,7971,14.5
48016,Rick Szostak Liberal/Libéral,4131,7.5
48016,Chris Vallee Green Party/Parti Vert,1926,3.5
48016,Paul St. Laurent WBP/WBP,222,0.4
48017,Rona Ambrose ** Conservative/Conservateur,41782,71.1
48017,Catherine Chaulk-Stokes NDP-New Democratic Party/NPD-Nouveau Parti démocratique,9272,15.8
48017,Chris Austin Liberal/Libéral,5483,9.3
48017,Joshua Lund Green Party/Parti Vert,2232,3.8
48018,Linda Duncan ** NDP-New Democratic Party/NPD-Nouveau Parti démocratique,26093,53.5
48018,Ryan Hastman Conservative/Conservateur,19762,40.6
48018,Matthew Sinclair Liberal/Libéral,1372,2.8
48018,Andrew Fehr Green Party/Parti Vert,1119,2.3
48018,Kyle Murphy Independent/Indépendant,206,0.4
48018,Kevan Hunter Marxist-Leninist/Marxiste-Léniniste,91,0.2
48018,Christopher White Independent/Indépendant,87,0.2
48001,Brian Jean ** Conservative/Conservateur,21988,71.8
48001,Berend Wilting NDP-New Democratic Party/NPD-Nouveau Parti démocratique,4053,13.2
48001,Karen Young Liberal/Libéral,3190,10.4
48001,Jule Asterisk Green Party/Parti Vert,1374,4.5
48019,Jim Hillyer Conservative/Conservateur,27173,56.5
48019,Mark Sandilands NDP-New Democratic Party/NPD-Nouveau Parti démocratique,13072,27.2
48019,Michael Cormican Liberal/Libéral,4030,8.4
48019,Cailin Bartlett Green Party/Parti Vert,2095,4.4
48019,Geoffrey Capp CHP Canada/PHC Canada,1716,3.6
48020,Ted Menzies ** Conservative/Conservateur,40007,77.5
48020,Janine Giles NDP-New Democratic Party/NPD-Nouveau Parti démocratique,5335,10.3
48020,Attila Nagy Green Party/Parti Vert,2389,4.6
48020,Nicole Hankel Liberal/Libéral,1898,3.7
48020,Brad Carrigan PC Party/Parti PC,1754,3.4
48020,Marc Slingerland CHP Canada/PHC Canada,252,0.5
48021,LaVar Payne ** Conservative/Conservateur,30719,71.5
48021,Dennis Perrier NDP-New Democratic Party/NPD-Nouveau Parti démocratique,5616,13.1
48021,Norm Boucher Liberal/Libéral,4416,10.3
48021,Graham Murray Green Party/Parti Vert,1868,4.4
48021,Frans VandeStroet CHP Canada/PHC Canada,317,0.7
48022,Chris Warkentin ** Conservative/Conservateur,36334,75.8
48022,Jennifer Villebrun NDP-New Democratic Party/NPD-Nouveau Parti démocratique,7740,16.1
48022,Wayne John Kamieniecki Green Party/Parti Vert,1702,3.5
48022,Corina Ganton Liberal/Libéral,1481,3.1
48022,Russ Toews Independent/Indépendant,359,0.7
48022,Donovan Eckstrom Rhinoceros/Rhinocéros,345,0.7
48023,Earl Dreeshen ** Conservative/Conservateur,37959,75.9
48023,Stuart Somerville NDP-New Democratic Party/NPD-Nouveau Parti démocratique,7566,15.1
48023,Mason Connor Woodruff Sisson Green Party/Parti Vert,2551,5.1
48023,Andrew Lineker Liberal/Libéral,1918,3.8
48024,Leon Benoit ** Conservative/Conservateur,39145,79.8
48024,Ray A Stone NDP-New Democratic Party/NPD-Nouveau Parti démocratique,5561,11.3
48024,William Munsey Green Party/Parti Vert,2499,5.1
48024,Ron Williams Liberal/Libéral,1525,3.1
48024,Matthew Sokalski CHP Canada/PHC Canada,327,0.7
48025,Brian Storseth ** Conservative/Conservateur,32652,77.8
48025,Lyndsey Ellen Henderson NDP-New Democratic Party/NPD-Nouveau Parti démocratique,5103,12.2
48025,Rob Fox Liberal/Libéral,2569,6.1
48025,Lisa Grant Green Party/Parti Vert,1634,3.9
48026,Blaine Calkins ** Conservative/Conservateur,37756,81.4
48026,Tim Robson NDP-New Democratic Party/NPD-Nouveau Parti démocratique,5281,11.4
48026,Robert Johnston Green Party/Parti Vert,1978,4.3
48026,Christopher Anderson Liberal/Libéral,1348,2.9
48027,Blake Richards ** Conservative/Conservateur,43669,74.7
48027,Jeff Horvath NDP-New Democratic Party/NPD-Nouveau Parti démocratique,6595,11.3
48027,Mike MacDonald Green Party/Parti Vert,4071,7
48027,John Douglas Reilly Liberal/Libéral,3908,6.7
48027,Randy Vanden Broek CHP Canada/PHC Canada,181,0.3
48028,Rob Merrifield ** Conservative/Conservateur,31925,77
48028,Mark Wells NDP-New Democratic Party/NPD-Nouveau Parti démocratique,5411,13.1
48028,Monika Schaefer Green Party/Parti Vert,2132,5.1
48028,Zack Siezmagraff Liberal/Libéral,1190,2.9
48028,Jacob Strydhorst CHP Canada/PHC Canada,404,1
48028,Melissa Brade CAP/PAC,384,0.9
59001,Ed Fast ** Conservative/Conservateur,32493,65
59001,David Alan Murray NDP-New Democratic Party/NPD-Nouveau Parti démocratique,10089,20.2
59001,Madeleine Hardin Liberal/Libéral,4968,9.9
59001,Daniel Bryce Green Party/Parti Vert,2138,4.3
59001,David MacKay Marxist-Leninist/Marxiste-Léniniste,286,0.6
59026,Alex Atamanenko ** NDP-New Democratic Party/NPD-Nouveau Parti démocratique,25206,50.9
59026,Stephen Hill Conservative/Conservateur,19273,38.9
59026,Bryan Hunt Green Party/Parti Vert,3153,6.4
59026,Shan Lavell Liberal/Libéral,1872,3.8
59002,Kennedy Stewart NDP-New Democratic Party/NPD-Nouveau Parti démocratique,20943,43
59002,Ronald Leung Conservative/Conservateur,19932,40.9
59002,Ken Low Liberal/Libéral,5451,11.2
59002,Adrianne Merlo Green Party/Parti Vert,1754,3.6
59002,Lewis Clarke Dahlby Libertarian/Libertarien,420,0.9
59002,George Gidora Communist/Communiste,153,0.3
59002,Brian Sproule Marxist-Leninist/Marxiste-Léniniste,57,0.1
59003,Peter Julian ** NDP-New Democratic Party/NPD-Nouveau Parti démocratique,22193,49.7
59003,Paul Forseth Conservative/Conservateur,16009,35.8
59003,Garth Evans Liberal/Libéral,4496,10.1
59003,Carrie McLaren Green Party/Parti Vert,1731,3.9
59003,Tyler Pierce Libertarian/Libertarien,160,0.4
59003,Joseph Theriault Marxist-Leninist/Marxiste-Léniniste,94,0.2
59004,Dick Harris ** Conservative/Conservateur,24443,56.2
59004,Jon Van Barneveld NDP-New Democratic Party/NPD-Nouveau Parti démocratique,13135,30.2
59004,Heidi Redl Green Party/Parti Vert,2702,6.2
59004,Sangeeta Lalli Liberal/Libéral,2200,5.1
59004,Henry Thiessen CHP Canada/PHC Canada,440,1
59004,Jon Ronan Independent/Indépendant,394,0.9
59004,Jordan Turner Rhinoceros/Rhinocéros,204,0.5
59005,Mark Strahl Conservative/Conservateur,28160,57.2
59005,Gwen O'Mahony NDP-New Democratic Party/NPD-Nouveau Parti démocratique,12691,25.8
59005,Diane Janzen Liberal/Libéral,5320,10.8
59005,Jamie Hoskins Green Party/Parti Vert,2706,5.5
59005,Clive Edwards WBP/WBP,180,0.4
59005,Dorothy-Jean O'Donnell Marxist-Leninist/Marxiste-Léniniste,173,0.4
59006,Kerry-Lynne Findlay Conservative/Conservateur,26059,54.2
59006,Nic Slater NDP-New Democratic Party/NPD-Nouveau Parti démocratique,11181,23.3
59006,Alan Beesley Liberal/Libéral,8112,16.9
59006,Duane Laird Green Party/Parti Vert,2324,4.8
59006,John Shavluk No Affiliation/Aucune appartenance,220,0.5
59006,Jeff Monds Libertarian/Libertarien,147,0.3
59008,Randall C. Garrison NDP-New Democratic Party/NPD-Nouveau Parti démocratique,26198,40.9
59008,Troy DeSouza Conservative/Conservateur,25792,40.2
59008,Lillian Szpak Liberal/Libéral,6439,10
59008,Shaunna Salsman Green Party/Parti Vert,5341,8.3
59008,Louis James Lesosky Independent/Indépendant,181,0.3
59008,Christopher Robert Porter CAP/PAC,145,0.2
59009,Nina Grewal ** Conservative/Conservateur,23950,47.5
59009,Nao Fernando NDP-New Democratic Party/NPD-Nouveau Parti démocratique,16533,32.8
59009,Pam Dhanoa Liberal/Libéral,8041,16
59009,Alan Saldanha Green Party/Parti Vert,1476,2.9
59009,Alex Joehl Libertarian/Libertarien,370,0.7
59010,Cathy McLeod ** Conservative/Conservateur,29682,52.2
59010,Michael David Crawford NDP-New Democratic Party/NPD-Nouveau Parti démocratique,20983,36.9
59010,Murray Todd Liberal/Libéral,3026,5.3
59010,Donovan Michael Cavers Green Party/Parti Vert,2932,5.2
59010,Christopher Kempling CHP Canada/PHC Canada,191,0.3
59011,Ron Cannan ** Conservative/Conservateur,34566,57.4
59011,Tisha Kalmanovitch NDP-New Democratic Party/NPD-Nouveau Parti démocratique,13322,22.1
59011,Kris Stewart Liberal/Libéral,7069,11.7
59011,Alice Hooper Green Party/Parti Vert,5265,8.7
59012,David Wilks Conservative/Conservateur,23910,55.9
59012,Mark Shmigelsky NDP-New Democratic Party/NPD-Nouveau Parti démocratique,14199,33.2
59012,Bill Green Green Party/Parti Vert,2547,6
59012,Betty Aitchison Liberal/Libéral,1496,3.5
59012,Brent Bush Independent/Indépendant,636,1.5
59013,Mark Warawa ** Conservative/Conservateur,35569,64.5
59013,Piotr Majkowski NDP-New Democratic Party/NPD-Nouveau Parti démocratique,11277,20.5
59013,Rebecca Darnell Liberal/Libéral,4990,9.1
59013,Carey Ann Poitras Green Party/Parti Vert,2943,5.3
59013,Craig Nobbs Pirate Party/Parti Pirate,353,0.6
59014,James Lunney ** Conservative/Conservateur,30469,46.4
59014,Zenaida Maartman NDP-New Democratic Party/NPD-Nouveau Parti démocratique,25165,38.3
59014,Renée Amber Miller Liberal/Libéral,4984,7.6
59014,Myron Jespersen Green Party/Parti Vert,4482,6.8
59014,Jesse Schroeder Pirate Party/Parti Pirate,363,0.6
59014,Frank Wagner CHP Canada/PHC Canada,94,0.1
59014,Barbara Biley Marxist-Leninist/Marxiste-Léniniste,81,0.1
59015,Jean Crowder ** NDP-New Democratic Party/NPD-Nouveau Parti démocratique,31272,48.9
59015,John Koury Conservative/Conservateur,24497,38.3
59015,Anne Marie Benoit Green Party/Parti Vert,5005,7.8
59015,Brian Fillmore Liberal/Libéral,3007,4.7
59015,Jack East Marxist-Leninist/Marxiste-Léniniste,170,0.3
59016,Jinny Sims NDP-New Democratic Party/NPD-Nouveau Parti démocratique,15413,33.4
59016,Sukh Dhaliwal ** Liberal/Libéral,14510,31.5
59016,Mani Fallon Conservative/Conservateur,14437,31.3
59016,Liz Walker Green Party/Parti Vert,1520,3.3
59016,Ravi S. Gill Independent/Indépendant,123,0.3
59016,Samuel Frank Hammond Communist/Communiste,116,0.3
59017,Fin Donnelly ** NDP-New Democratic Party/NPD-Nouveau Parti démocratique,23023,45.9
59017,Diana Dilworth Conservative/Conservateur,20776,41.5
59017,Ken Beck Lee Liberal/Libéral,4069,8.1
59017,Rebecca Helps Green Party/Parti Vert,2160,4.3
59017,Roland Verrier Marxist-Leninist/Marxiste-Léniniste,95,0.2
59019,Andrew Saxton ** Conservative/Conservateur,28996,48.6
59019,Taleeb Noormohamed Liberal/Libéral,17665,29.6
59019,Michael Charrois NDP-New Democratic Party/NPD-Nouveau Parti démocratique,9617,16.1
59019,Greg Dowman Green Party/Parti Vert,3004,5
59019,Nick Jones Independent/Indépendant,350,0.6
59020,Dan Albas Conservative/Conservateur,28525,53.6
59020,David Finnis NDP-New Democratic Party/NPD-Nouveau Parti démocratique,12853,24.1
59020,John Kidder Liberal/Libéral,5815,10.9
59020,Dan Bouchard Green Party/Parti Vert,5005,9.4
59020,Sean Upshaw Independent/Indépendant,860,1.6
59020,Dietrich Wittel Independent/Indépendant,180,0.3
59018,Colin Mayes ** Conservative/Conservateur,31439,55.4
59018,Nikki Inouye NDP-New Democratic Party/NPD-Nouveau Parti démocratique,14955,26.4
59018,Greig Crockett Green Party/Parti Vert,6058,10.7
59018,Janna Francis Liberal/Libéral,4246,7.5
59007,Randy Kamp ** Conservative/Conservateur,28803,54.3
59007,Craig Speirs NDP-New Democratic Party/NPD-Nouveau Parti démocratique,18835,35.5
59007,Mandeep Bhuller Liberal/Libéral,2739,5.2
59007,Peter Tam Green Party/Parti Vert,2629,5
59021,James Moore ** Conservative/Conservateur,27181,56.1
59021,Mark Ireland NDP-New Democratic Party/NPD-Nouveau Parti démocratique,14600,30.1
59021,Stewart McGillivray Liberal/Libéral,4110,8.5
59021,Kevin Kim Green Party/Parti Vert,2161,4.5
59021,Paul Geddes Libertarian/Libertarien,421,0.9
59022,Bob Zimmer Conservative/Conservateur,23946,62.1
59022,Lois Boone NDP-New Democratic Party/NPD-Nouveau Parti démocratique,9876,25.6
59022,Hilary Crowley Green Party/Parti Vert,2301,6
59022,Ben Levine Liberal/Libéral,2008,5.2
59022,Jeremy Coté Pirate Party/Parti Pirate,415,1.1
59023,Alice Wong ** Conservative/Conservateur,25109,58.4
59023,Joe Peschisolido Liberal/Libéral,8027,18.7
59023,Dale Jackaman NDP-New Democratic Party/NPD-Nouveau Parti démocratique,7860,18.3
59023,Michael Wolfe Green Party/Parti Vert,2032,4.7
59024,Elizabeth May Green Party/Parti Vert,31890,46.3
59024,Gary Lunn ** Conservative/Conservateur,24544,35.7
59024,Edith Loring-Kuhanga NDP-New Democratic Party/NPD-Nouveau Parti démocratique,8185,11.9
59024,Renée Hetherington Liberal/Libéral,4208,6.1
59025,Nathan Paul Cullen ** NDP-New Democratic Party/NPD-Nouveau Parti démocratique,19431,55.3
59025,Clay Harmon Conservative/Conservateur,12117,34.5
59025,Kyle Warwick Liberal/Libéral,1268,3.6
59025,Roger Benham Green Party/Parti Vert,1102,3.1
59025,Rod Taylor CHP Canada/PHC Canada,1038,3
59025,Maggie Braun CAP/PAC,165,0.5
59027,Russ Hiebert ** Conservative/Conservateur,31990,54.6
59027,Susan Keeping NDP-New Democratic Party/NPD-Nouveau Parti démocratique,11881,20.3
59027,Hardy Staub Liberal/Libéral,9775,16.7
59027,Larry Colero Green Party/Parti Vert,3245,5.5
59027,Aart Looye Independent/Indépendant,753,1.3
59027,Mike Schouten CHP Canada/PHC Canada,429,0.7
59027,Brian Marlatt PC Party/Parti PC,228,0.4
59027,David Hawkins Independent/Indépendant,189,0.3
59027,Kevin Peter Donohoe Independent/Indépendant,152,0.3
59028,Jasbir Sandhu NDP-New Democratic Party/NPD-Nouveau Parti démocratique,14678,39.7
59028,Dona Cadman ** Conservative/Conservateur,13181,35.6
59028,Shinder Purewal Liberal/Libéral,6797,18.4
59028,Bernadette Keenan Green Party/Parti Vert,1289,3.5
59028,Jamie Scott Independent/Indépendant,451,1.2
59028,Kevin Pielak CHP Canada/PHC Canada,303,0.8
59028,Norris Barens Libertarian/Libertarien,284,0.8
59029,Hedy Fry ** Liberal/Libéral,18260,31
59029,Karen Shillington NDP-New Democratic Party/NPD-Nouveau Parti démocratique,15325,26
59029,Jennifer Clarke Conservative/Conservateur,15323,26
59029,Adriane Carr Green Party/Parti Vert,9089,15.4
59029,John Clarke Libertarian/Libertarien,313,0.5
59029,Michael Huenefeld PC Party/Parti PC,285,0.5
59029,Travis McCrea Pirate Party/Parti Pirate,192,0.3
59029,Michael Hill Marxist-Leninist/Marxiste-Léniniste,62,0.1
59030,Libby Davies ** NDP-New Democratic Party/NPD-Nouveau Parti démocratique,27794,62.8
59030,Irene C. Yatco Conservative/Conservateur,8361,18.9
59030,Roma Ahi Liberal/Libéral,4382,9.9
59030,Douglas Roy Green Party/Parti Vert,3383,7.6
59030,Anne Jamieson Marxist-Leninist/Marxiste-Léniniste,318,0.7
59031,John Duncan ** Conservative/Conservateur,27206,46.1
59031,Ronna-Rae Leonard NDP-New Democratic Party/NPD-Nouveau Parti démocratique,25379,43
59031,Mike Holland Liberal/Libéral,3039,5.2
59031,Sue Moen Green Party/Parti Vert,3018,5.1
59031,Jason Draper Independent/Indépendant,304,0.5
59031,Frank Martin Marxist-Leninist/Marxiste-Léniniste,57,0.1
59032,Don Davies ** NDP-New Democratic Party/NPD-Nouveau Parti démocratique,23452,50.1
59032,Trang Nguyen Conservative/Conservateur,13157,28.1
59032,Wendy Yuan Liberal/Libéral,7796,16.6
59032,Louise Boutin Green Party/Parti Vert,1860,4
59032,Matt Kadioglu Libertarian/Libertarien,275,0.6
59032,Kimball Cariou Communist/Communiste,210,0.4
59032,Donna Petersen Marxist-Leninist/Marxiste-Léniniste,78,0.2
59033,Joyce Murray ** Liberal/Libéral,22903,42.2
59033,Deborah Meredith Conservative/Conservateur,20984,38.6
59033,Victor Edward Elkins NDP-New Democratic Party/NPD-Nouveau Parti démocratique,7499,13.8
59033,Laura-Leah Shaw Green Party/Parti Vert,2922,5.4
59034,Wai Young Conservative/Conservateur,19504,43.3
59034,Ujjal Dosanjh ** Liberal/Libéral,15604,34.7
59034,Meena Wong NDP-New Democratic Party/NPD-Nouveau Parti démocratique,8552,19
59034,Jean de Dieu Hakizimana Green Party/Parti Vert,1151,2.6
59034,Charles Boylan Marxist-Leninist/Marxiste-Léniniste,222,0.5
59035,Denise Savoie ** NDP-New Democratic Party/NPD-Nouveau Parti démocratique,30679,50.8
59035,Patrick Hunt Conservative/Conservateur,14275,23.6
59035,Christopher Causton Liberal/Libéral,8448,14
59035,Jared Giesbrecht Green Party/Parti Vert,7015,11.6
59036,John Dunbar Weston ** Conservative/Conservateur,28614,45.5
59036,Terry Platt NDP-New Democratic Party/NPD-Nouveau Parti démocratique,14828,23.6
59036,Dan Veniez Liberal/Libéral,14123,22.5
59036,Brennan Wauters Green Party/Parti Vert,4436,7.1
59036,Roger Lagassé PC Party/Parti PC,293,0.5
59036,Tunya Audain Libertarian/Libertarien,250,0.4
59036,Allan Holt WBP/WBP,156,0.2
59036,Carol Lee Chapman Marxist-Leninist/Marxiste-Léniniste,87,0.1
59036,Doug Hartt CAP/PAC,64,0.1
60001,Ryan Leef Conservative/Conservateur,5422,33.8
60001,Larry Bagnell ** Liberal/Libéral,5290,32.9
60001,John Streicker Green Party/Parti Vert,3037,18.9
60001,Kevin Barr NDP-New Democratic Party/NPD-Nouveau Parti démocratique,2308,14.4
61001,Dennis Bevington ** NDP-New Democratic Party/NPD-Nouveau Parti démocratique,7140,45.8
61001,Sandy Lee Conservative/Conservateur,5001,32.1
61001,Joe Handley Liberal/Libéral,2872,18.4
61001,Eli Purchase Green Party/Parti Vert,477,3.1
61001,Bonnie Dawson Animal Alliance/Environment Voters/Animal Alliance/Environment Voters,87,0.6
62001,Leona Aglukkaq ** Conservative/Conservateur,3930,49.9
62001,Paul Okalik Liberal/Libéral,2260,28.7
62001,Jack Hicks NDP-New Democratic Party/NPD-Nouveau Parti démocratique,1525,19.4
62001,Scott MacCallum Green Party/Parti Vert,160,2
